"级别","场次","套卷","类别","文件名","仓库路径","来源","下载地址","字节数","SHA256","音频秒数","状态"
"四级","2025.12","1","真题","cet4_2025_12_1.pdf","四级真题/2025.12/真题PDF/cet4_2025_12_1.pdf","https://www.cettong.cn/library/cet4/2025_12_1","https://www.cettong.cn/library/cet4/2025_12_1/test.pdf","312784","c67cdf8c77f2dfc74f40afd50587ae4d5eb759aaca7ad57ad6388d867cd3dadf","","verified"
"四级","2025.12","1","答案解析","cet4_2025_12_1_ans.pdf","四级真题/2025.12/答案解析/cet4_2025_12_1_ans.pdf","https://www.cettong.cn/library/cet4/2025_12_1","https://www.cettong.cn/library/cet4/2025_12_1/answer.pdf","4391938","1cb2a30c8101296622a31939e9f124cfdfb6141f8edcb66372689cfc2acee9b0","","verified"
"四级","2025.12","1","听力","cet4_2025_12_1.m4a","四级真题/2025.12/听力音频/cet4_2025_12_1.m4a","https://www.cettong.cn/library/cet4/2025_12_1","https://www.cettong.cn/library/cet4/2025_12_1/listening.mp3","4037575","a0a932f333cfde810843ff74ffd762f1b7331704a168c4f8e4f8ec4f5ac497ac","1371.18","verified"
"四级","2025.12","2","真题","cet4_2025_12_2.pdf","四级真题/2025.12/真题PDF/cet4_2025_12_2.pdf","https://www.cettong.cn/library/cet4/2025_12_2","https://www.cettong.cn/library/cet4/2025_12_2/test.pdf","317605","29da4a4a079809d02aa560782938552f7b85237d047e8a9763e003d767995cfd","","verified"
"四级","2025.12","2","答案解析","cet4_2025_12_2_ans.pdf","四级真题/2025.12/答案解析/cet4_2025_12_2_ans.pdf","https://www.cettong.cn/library/cet4/2025_12_2","https://www.cettong.cn/library/cet4/2025_12_2/answer.pdf","4428826","4ad3428466d59bea69e2412fa0fc0ad62c28a907d2b4b593d3f2e7f23de9aaa7","","verified"
"四级","2025.12","2","听力","cet4_2025_12_2.m4a","四级真题/2025.12/听力音频/cet4_2025_12_2.m4a","https://www.cettong.cn/library/cet4/2025_12_2","https://www.cettong.cn/library/cet4/2025_12_2/listening.mp3","4140660","93c82d3cb2da5ac5c0b0db0fce6b9a4efc63fac3deb8641187244dd27ec4e9b6","1406.2","verified"
"四级","2025.12","3","真题","cet4_2025_12_3.pdf","四级真题/2025.12/真题PDF/cet4_2025_12_3.pdf","https://www.cettong.cn/library/cet4/2025_12_3","https://www.cettong.cn/library/cet4/2025_12_3/test.pdf","291007","8b29c1b4b871def55ade9a164bfd6aceb921a6cbde7fa9654e9d8a97798d56a8","","verified"
"四级","2025.12","3","答案解析","cet4_2025_12_3_ans.pdf","四级真题/2025.12/答案解析/cet4_2025_12_3_ans.pdf","https://www.cettong.cn/library/cet4/2025_12_3","https://www.cettong.cn/library/cet4/2025_12_3/answer.pdf","2745027","b39d9eb289d7ef5ea1a82fb478b8190425b03a52eec73e71dd6b4413c70fe788","","verified"
"四级","2025.06","1","真题","cet4_2025_06_1.pdf","四级真题/2025.06/真题PDF/cet4_2025_06_1.pdf","https://www.cettong.cn/library/cet4/2025_06_1","https://www.cettong.cn/library/cet4/2025_06_1/test.pdf","366427","2880977bc0a8b730800d310471a3120eb45e4a51d964dc97cb71c32ddf09ac08","","verified"
"四级","2025.06","1","答案解析","cet4_2025_06_1_ans.pdf","四级真题/2025.06/答案解析/cet4_2025_06_1_ans.pdf","https://www.cettong.cn/library/cet4/2025_06_1","https://www.cettong.cn/library/cet4/2025_06_1/answer.pdf","4459701","1021d97c5326909346907c137e98d9a3ed7538b614117bcfb03c8b2d0db232f4","","verified"
"四级","2025.06","1","听力","cet4_2025_06_1.m4a","四级真题/2025.06/听力音频/cet4_2025_06_1.m4a","https://www.cettong.cn/library/cet4/2025_06_1","https://www.cettong.cn/library/cet4/2025_06_1/listening.mp3","4169648","a23dc74f40f8b9806f52e6f8f0468423df5069afea5730c5f9ca3a8c2684864c","1416.05","verified"
"四级","2025.06","2","真题","cet4_2025_06_2.pdf","四级真题/2025.06/真题PDF/cet4_2025_06_2.pdf","https://www.cettong.cn/library/cet4/2025_06_2","https://www.cettong.cn/library/cet4/2025_06_2/test.pdf","347511","71d831b5b27bf3e8701fb772855b593bfe48a269143bc997191dd31b6e9e18cd","","verified"
"四级","2025.06","2","答案解析","cet4_2025_06_2_ans.pdf","四级真题/2025.06/答案解析/cet4_2025_06_2_ans.pdf","https://www.cettong.cn/library/cet4/2025_06_2","https://www.cettong.cn/library/cet4/2025_06_2/answer.pdf","3800243","d86be3691514de7808d5fd65dfef0b4866e281d777c9ee47fedb82a02751210b","","verified"
"四级","2025.06","2","听力","cet4_2025_06_2.m4a","四级真题/2025.06/听力音频/cet4_2025_06_2.m4a","https://www.cettong.cn/library/cet4/2025_06_2","https://www.cettong.cn/library/cet4/2025_06_2/listening.mp3","4198495","b6ef913d459432822082ef979e49ff8e047172a9f44f775ad5238a551f9c8b9c","1425.84","verified"
"四级","2025.06","3","真题","cet4_2025_06_3.pdf","四级真题/2025.06/真题PDF/cet4_2025_06_3.pdf","https://www.cettong.cn/library/cet4/2025_06_3","https://www.cettong.cn/library/cet4/2025_06_3/test.pdf","322504","815c185ee43391d1e504b42d552ba2b4ea4c2765bed6386ddf2674c7b13826de","","verified"
"四级","2025.06","3","答案解析","cet4_2025_06_3_ans.pdf","四级真题/2025.06/答案解析/cet4_2025_06_3_ans.pdf","https://www.cettong.cn/library/cet4/2025_06_3","https://www.cettong.cn/library/cet4/2025_06_3/answer.pdf","2364225","2f297907b9cf88738954bd80390f9512978efe8e7e89e80f7fdb16f879c4197b","","verified"
"四级","2024.12","1","真题","cet4_2024_12_1.pdf","四级真题/2024.12/真题PDF/cet4_2024_12_1.pdf","https://www.cettong.cn/library/cet4/2024_12_1","https://www.cettong.cn/library/cet4/2024_12_1/test.pdf","368437","451a0a9470c043cd6e5449d3fc265877283e31153aaa2647167f1bde4a706216","","verified"
"四级","2024.12","1","答案解析","cet4_2024_12_1_ans.pdf","四级真题/2024.12/答案解析/cet4_2024_12_1_ans.pdf","https://www.cettong.cn/library/cet4/2024_12_1","https://www.cettong.cn/library/cet4/2024_12_1/answer.pdf","4333246","f7bb689ec7f373f756a0ff86eea577bf427ee755794c7d0fa9a86a10b3e990e9","","verified"
"四级","2024.12","1","听力","cet4_2024_12_1.m4a","四级真题/2024.12/听力音频/cet4_2024_12_1.m4a","https://www.cettong.cn/library/cet4/2024_12_1","https://www.cettong.cn/library/cet4/2024_12_1/listening.mp3","4199862","5a7ea2c48b082f61c1b248c4b9462694eb931a7f8fba784f64b331888bcfe9a1","1426.31","verified"
"四级","2024.12","2","真题","cet4_2024_12_2.pdf","四级真题/2024.12/真题PDF/cet4_2024_12_2.pdf","https://www.cettong.cn/library/cet4/2024_12_2","https://www.cettong.cn/library/cet4/2024_12_2/test.pdf","342476","982a486689a7dc6196fe41e7e687ab6b28846523f14f53cdd5e64e3172cdc603","","verified"
"四级","2024.12","2","答案解析","cet4_2024_12_2_ans.pdf","四级真题/2024.12/答案解析/cet4_2024_12_2_ans.pdf","https://www.cettong.cn/library/cet4/2024_12_2","https://www.cettong.cn/library/cet4/2024_12_2/answer.pdf","4598420","de0abe924fc05550bb9259391abaf0a122621380951f28f3a6e46e816a3c672e","","verified"
"四级","2024.12","2","听力","cet4_2024_12_2.m4a","四级真题/2024.12/听力音频/cet4_2024_12_2.m4a","https://www.cettong.cn/library/cet4/2024_12_2","https://www.cettong.cn/library/cet4/2024_12_2/listening.mp3","4190015","43a895f49edc7c9ab81f9ef79fa08fc42df0331d5a0a7168b8be365ef9036779","1422.97","verified"
"四级","2024.12","3","真题","cet4_2024_12_3.pdf","四级真题/2024.12/真题PDF/cet4_2024_12_3.pdf","https://www.cettong.cn/library/cet4/2024_12_3","https://www.cettong.cn/library/cet4/2024_12_3/test.pdf","310643","ffeabe7091f01fd2f1367ef5b401cebeaac6cf3c0af0dbeb855dabb08c8024bd","","verified"
"四级","2024.12","3","答案解析","cet4_2024_12_3_ans.pdf","四级真题/2024.12/答案解析/cet4_2024_12_3_ans.pdf","https://www.cettong.cn/library/cet4/2024_12_3","https://www.cettong.cn/library/cet4/2024_12_3/answer.pdf","2634305","3743e6c4052aeb1cf797578d2cebff7b51c6582c73f18d48dd7faa387dfdc6b4","","verified"
"四级","2024.06","1","真题","cet4_2024_06_1.pdf","四级真题/2024.06/真题PDF/cet4_2024_06_1.pdf","https://www.cettong.cn/library/cet4/2024_06_1","https://www.cettong.cn/library/cet4/2024_06_1/test.pdf","347606","be050a97398dfd72ef0f349e0f2036bbb82f71434a5186eec4bfd63f6babf183","","verified"
"四级","2024.06","1","答案解析","cet4_2024_06_1_ans.pdf","四级真题/2024.06/答案解析/cet4_2024_06_1_ans.pdf","https://www.cettong.cn/library/cet4/2024_06_1","https://www.cettong.cn/library/cet4/2024_06_1/answer.pdf","3213851","f0013c91edf1a2e2280601a3fc944b51e17259802ae7d4394c3d2fcb45357117","","verified"
"四级","2024.06","1","听力","cet4_2024_06_1.m4a","四级真题/2024.06/听力音频/cet4_2024_06_1.m4a","https://www.cettong.cn/library/cet4/2024_06_1","https://www.cettong.cn/library/cet4/2024_06_1/listening.mp3","4152010","ff058173825e2b713e0601c9a352c8157a0146dec7f95e6c27329750734126e0","1410.05","verified"
"四级","2024.06","2","真题","cet4_2024_06_2.pdf","四级真题/2024.06/真题PDF/cet4_2024_06_2.pdf","https://www.cettong.cn/library/cet4/2024_06_2","https://www.cettong.cn/library/cet4/2024_06_2/test.pdf","346840","aada101cc537bcfc69d54a77acdaefa52bf340779bead0f2a1e29ee40683d358","","verified"
"四级","2024.06","2","答案解析","cet4_2024_06_2_ans.pdf","四级真题/2024.06/答案解析/cet4_2024_06_2_ans.pdf","https://www.cettong.cn/library/cet4/2024_06_2","https://www.cettong.cn/library/cet4/2024_06_2/answer.pdf","3042257","8e1ab6ee16f90d47e624d45ac5fc233feeaa415244c2263e39b54f4cb54165f4","","verified"
"四级","2024.06","2","听力","cet4_2024_06_2.m4a","四级真题/2024.06/听力音频/cet4_2024_06_2.m4a","https://www.cettong.cn/library/cet4/2024_06_2","https://www.cettong.cn/library/cet4/2024_06_2/listening.mp3","4118785","9329cce82e3149c74f35c75e65f6628f398796cd6c388a6a9b1e2a8432ea7e1b","1398.77","verified"
"四级","2024.06","3","真题","cet4_2024_06_3.pdf","四级真题/2024.06/真题PDF/cet4_2024_06_3.pdf","https://www.cettong.cn/library/cet4/2024_06_3","https://www.cettong.cn/library/cet4/2024_06_3/test.pdf","314753","ec1c750fc530c5ca9b5db11c9d0bcccb90f0ac9220c0a1c5ae840f4f43c171c0","","verified"
"四级","2024.06","3","答案解析","cet4_2024_06_3_ans.pdf","四级真题/2024.06/答案解析/cet4_2024_06_3_ans.pdf","https://www.cettong.cn/library/cet4/2024_06_3","https://www.cettong.cn/library/cet4/2024_06_3/answer.pdf","2041911","bd043efd7477d716d1731a19d71970ab32d4bcc2a2e83f371faeb51bf6fb94ea","","verified"
"四级","2023.12","1","真题","cet4_2023_12_1.pdf","四级真题/2023.12/真题PDF/cet4_2023_12_1.pdf","https://www.cettong.cn/library/cet4/2023_12_1","https://www.cettong.cn/library/cet4/2023_12_1/test.pdf","1530495","0c033a2fe168d4783fc80ab4e6ef60d6246130fa41e897ec0db71601fb020410","","verified"
"四级","2023.12","1","答案解析","cet4_2023_12_1_ans.pdf","四级真题/2023.12/答案解析/cet4_2023_12_1_ans.pdf","https://www.cettong.cn/library/cet4/2023_12_1","https://www.cettong.cn/library/cet4/2023_12_1/answer.pdf","4121808","fc3f8ef70ff883b8fecc665c1616738e0689657cb1ad200e22c836b397cc00c3","","verified"
"四级","2023.12","1","听力","cet4_2023_12_1.m4a","四级真题/2023.12/听力音频/cet4_2023_12_1.m4a","https://www.cettong.cn/library/cet4/2023_12_1","https://www.cettong.cn/library/cet4/2023_12_1/listening.mp3","4161717","a9a68e6857a3814d0ac583a123c6774fa9a028ea996607de4db690208738b453","1413.35","verified"
"四级","2023.12","2","真题","cet4_2023_12_2.pdf","四级真题/2023.12/真题PDF/cet4_2023_12_2.pdf","https://www.cettong.cn/library/cet4/2023_12_2","https://www.cettong.cn/library/cet4/2023_12_2/test.pdf","1473673","9dc516c8db6b9f1ffd459e6c7a8dce11b4325dfe4e52e28668776d2e544652e5","","verified"
"四级","2023.12","2","答案解析","cet4_2023_12_2_ans.pdf","四级真题/2023.12/答案解析/cet4_2023_12_2_ans.pdf","https://www.cettong.cn/library/cet4/2023_12_2","https://www.cettong.cn/library/cet4/2023_12_2/answer.pdf","4020950","51d6b097ca28cbf09aeca9c18913bd4ab44d4abab979b42be07974950022bb32","","verified"
"四级","2023.12","2","听力","cet4_2023_12_2.m4a","四级真题/2023.12/听力音频/cet4_2023_12_2.m4a","https://www.cettong.cn/library/cet4/2023_12_2","https://www.cettong.cn/library/cet4/2023_12_2/listening.mp3","4173342","ae7d6da51a3b8bcda74e3f22cccf20c0342a7baf52a56c5df3f9927a75c5061b","1417.3","verified"
"四级","2023.12","3","真题","cet4_2023_12_3.pdf","四级真题/2023.12/真题PDF/cet4_2023_12_3.pdf","https://www.cettong.cn/library/cet4/2023_12_3","https://www.cettong.cn/library/cet4/2023_12_3/test.pdf","1128404","9b95b2e4cbf4fd7763ada5f69d38ac659c18dbcb5386239f5f7bb1b72a7059a2","","verified"
"四级","2023.12","3","答案解析","cet4_2023_12_3_ans.pdf","四级真题/2023.12/答案解析/cet4_2023_12_3_ans.pdf","https://www.cettong.cn/library/cet4/2023_12_3","https://www.cettong.cn/library/cet4/2023_12_3/answer.pdf","2391544","ef53a867d57ca03656c32e67bd1bd0f04226edd372be4c576bf7dedc74be0642","","verified"
"四级","2023.06","1","真题","cet4_2023_06_1.pdf","四级真题/2023.06/真题PDF/cet4_2023_06_1.pdf","https://www.cettong.cn/library/cet4/2023_06_1","https://www.cettong.cn/library/cet4/2023_06_1/test.pdf","1557361","9a61fb8b74a989810ce4d3561a4c3d8fc80510c1bde79afbf574b132e0fd9f4f","","verified"
"四级","2023.06","1","答案解析","cet4_2023_06_1_ans.pdf","四级真题/2023.06/答案解析/cet4_2023_06_1_ans.pdf","https://www.cettong.cn/library/cet4/2023_06_1","https://www.cettong.cn/library/cet4/2023_06_1/answer.pdf","3478846","937d1b450b5d26b8f5c563624ae5c18b030b2315949eef65d70dfbbc0c03e3e7","","verified"
"四级","2023.06","1","听力","cet4_2023_06_1.m4a","四级真题/2023.06/听力音频/cet4_2023_06_1.m4a","https://www.cettong.cn/library/cet4/2023_06_1","https://www.cettong.cn/library/cet4/2023_06_1/listening.mp3","4217697","57eff43868138a819cc6d200f22de45f7c9ea6494c777709c654f9ea6481feb4","1432.35","verified"
"四级","2023.06","2","真题","cet4_2023_06_2.pdf","四级真题/2023.06/真题PDF/cet4_2023_06_2.pdf","https://www.cettong.cn/library/cet4/2023_06_2","https://www.cettong.cn/library/cet4/2023_06_2/test.pdf","1545271","fe37a99b9f09dd848ca00df780ee4d187140e9ed2e1ac81f197a798457ed0668","","verified"
"四级","2023.06","2","答案解析","cet4_2023_06_2_ans.pdf","四级真题/2023.06/答案解析/cet4_2023_06_2_ans.pdf","https://www.cettong.cn/library/cet4/2023_06_2","https://www.cettong.cn/library/cet4/2023_06_2/answer.pdf","3609535","b9bf0d70815d828a282f18e424400bed1e13d8fc69a6adc3ec6f567d44908480","","verified"
"四级","2023.06","2","听力","cet4_2023_06_2.m4a","四级真题/2023.06/听力音频/cet4_2023_06_2.m4a","https://www.cettong.cn/library/cet4/2023_06_2","https://www.cettong.cn/library/cet4/2023_06_2/listening.mp3","4201366","4ba7455506aca4c3bed162e985507cf2d9cf1fa66deceb235ac3620dee10d4ba","1426.82","verified"
"四级","2023.06","3","真题","cet4_2023_06_3.pdf","四级真题/2023.06/真题PDF/cet4_2023_06_3.pdf","https://www.cettong.cn/library/cet4/2023_06_3","https://www.cettong.cn/library/cet4/2023_06_3/test.pdf","1193766","0025fc03ecad69fc75ad4d16a74eb98c99a3660b38818ba9b892eef15484b8ea","","verified"
"四级","2023.06","3","答案解析","cet4_2023_06_3_ans.pdf","四级真题/2023.06/答案解析/cet4_2023_06_3_ans.pdf","https://www.cettong.cn/library/cet4/2023_06_3","https://www.cettong.cn/library/cet4/2023_06_3/answer.pdf","2268493","c8ef963c9eb6096e3393c197a661d17accd83e4e0d368fbde23b519727decc70","","verified"
"四级","2023.03","1","真题","cet4_2023_03_1.pdf","四级真题/2023.03/真题PDF/cet4_2023_03_1.pdf","https://www.cettong.cn/library/cet4/2023_03_1","https://www.cettong.cn/library/cet4/2023_03_1/test.pdf","1806114","40a0aaad9c96828069ac2161603fd133b69fbe1b0a2bd52484a60da94b2b0178","","verified"
"四级","2023.03","1","答案解析","cet4_2023_03_1_ans.pdf","四级真题/2023.03/答案解析/cet4_2023_03_1_ans.pdf","https://www.cettong.cn/library/cet4/2023_03_1","https://www.cettong.cn/library/cet4/2023_03_1/answer.pdf","3183811","718331b486783211eedd360f4d40ef23e08282ab80f0a53b5d41481b51ac714b","","verified"
"四级","2023.03","1","听力","cet4_2023_03_1.m4a","四级真题/2023.03/听力音频/cet4_2023_03_1.m4a","https://www.cettong.cn/library/cet4/2023_03_1","https://www.cettong.cn/library/cet4/2023_03_1/listening.mp3","4090623","1d6a0e841aa7d37954b64d93e0a07518e476817dae3ddee15095a30ba5840585","1389.2","verified"
"四级","2023.03","2-3","真题","cet4_2023_03_2-3.pdf","四级真题/2023.03/真题PDF/cet4_2023_03_2-3.pdf","https://www.cettong.cn/library/cet4/2023_03_2-3","https://www.cettong.cn/library/cet4/2023_03_2-3/test.pdf","483546","0d695e4d6d568aadcaf9420fd1396107bf4fd05041b12423609dc37d3581a1d9","","verified"
"四级","2023.03","2-3","答案解析","cet4_2023_03_2-3_ans.pdf","四级真题/2023.03/答案解析/cet4_2023_03_2-3_ans.pdf","https://www.cettong.cn/library/cet4/2023_03_2-3","https://www.cettong.cn/library/cet4/2023_03_2-3/answer.pdf","801950","e45928bfa29792f57a09370dcbec30da3293b4aabfd545905b84a70e2a2378e6","","verified"
"四级","2022.12","1","真题","cet4_2022_12_1.pdf","四级真题/2022.12/真题PDF/cet4_2022_12_1.pdf","https://www.cettong.cn/library/cet4/2022_12_1","https://www.cettong.cn/library/cet4/2022_12_1/test.pdf","1616535","c29d9111253133135fe2fe40cdc6e0b18667f2251d05c48ebcae6ae528e88c17","","verified"
"四级","2022.12","1","答案解析","cet4_2022_12_1_ans.pdf","四级真题/2022.12/答案解析/cet4_2022_12_1_ans.pdf","https://www.cettong.cn/library/cet4/2022_12_1","https://www.cettong.cn/library/cet4/2022_12_1/answer.pdf","3467422","50823f391b353322c5cb0a5e1c2fa9a52322168e521953bf1a23cefd747be553","","verified"
"四级","2022.12","1","听力","cet4_2022_12_1.m4a","四级真题/2022.12/听力音频/cet4_2022_12_1.m4a","https://www.cettong.cn/library/cet4/2022_12_1","https://www.cettong.cn/library/cet4/2022_12_1/listening.mp3","4156734","7f57175662d0dc9e2b0f2ed80dbaf462adfa86be9b18d6ab6e74856bd97d45bb","1411.63","verified"
"四级","2022.12","2","真题","cet4_2022_12_2.pdf","四级真题/2022.12/真题PDF/cet4_2022_12_2.pdf","https://www.cettong.cn/library/cet4/2022_12_2","https://www.cettong.cn/library/cet4/2022_12_2/test.pdf","1560469","5218c0206fda282bba0c3a56b99c2c7a2187fc63da2b871c2e436728757bbcc7","","verified"
"四级","2022.12","2","答案解析","cet4_2022_12_2_ans.pdf","四级真题/2022.12/答案解析/cet4_2022_12_2_ans.pdf","https://www.cettong.cn/library/cet4/2022_12_2","https://www.cettong.cn/library/cet4/2022_12_2/answer.pdf","3402816","b6cfc2bfab7380c699db00c6d6774500c95417f303f29d8aaa97d6e7a7b5bea2","","verified"
"四级","2022.12","2","听力","cet4_2022_12_2.m4a","四级真题/2022.12/听力音频/cet4_2022_12_2.m4a","https://www.cettong.cn/library/cet4/2022_12_2","https://www.cettong.cn/library/cet4/2022_12_2/listening.mp3","4018434","d97e1e85d9a9cdc19b4da9795c1535d9d17cf34d079ec106db4cda5db496f7f0","1364.68","verified"
"四级","2022.12","3","真题","cet4_2022_12_3.pdf","四级真题/2022.12/真题PDF/cet4_2022_12_3.pdf","https://www.cettong.cn/library/cet4/2022_12_3","https://www.cettong.cn/library/cet4/2022_12_3/test.pdf","1252496","277d8ea6e799069bf9b0367cf069166358f44af559293d5037f9faacc105cdcd","","verified"
"四级","2022.12","3","答案解析","cet4_2022_12_3_ans.pdf","四级真题/2022.12/答案解析/cet4_2022_12_3_ans.pdf","https://www.cettong.cn/library/cet4/2022_12_3","https://www.cettong.cn/library/cet4/2022_12_3/answer.pdf","2610477","e3b7e0f036be624888d6bbc7e44453006bcd498153416aeec369045a870c79ec","","verified"
"四级","2022.09","1","真题","cet4_2022_09_1.pdf","四级真题/2022.09/真题PDF/cet4_2022_09_1.pdf","https://www.cettong.cn/library/cet4/2022_09_1","https://www.cettong.cn/library/cet4/2022_09_1/test.pdf","2335748","38db7898e9b6cf56c9f58693ae055a9fb0f3162836d6f6a8b82be394508393b3","","verified"
"四级","2022.09","1","答案解析","cet4_2022_09_1_ans.pdf","四级真题/2022.09/答案解析/cet4_2022_09_1_ans.pdf","https://www.cettong.cn/library/cet4/2022_09_1","https://www.cettong.cn/library/cet4/2022_09_1/answer.pdf","3321580","f9b34d1819b4bc802438d49e569ed5403710e8c17e71e5c200d7552eb3fb1192","","verified"
"四级","2022.09","1","听力","cet4_2022_09_1.m4a","四级真题/2022.09/听力音频/cet4_2022_09_1.m4a","https://www.cettong.cn/library/cet4/2022_09_1","https://www.cettong.cn/library/cet4/2022_09_1/listening.mp3","4409698","a13f65fcdfadad4db5cacd7cb779b08886bba15ae192dda217d3218ab13a6564","1497.55","verified"
"四级","2022.09","2-3","真题","cet4_2022_09_2-3.pdf","四级真题/2022.09/真题PDF/cet4_2022_09_2-3.pdf","https://www.cettong.cn/library/cet4/2022_09_2-3","https://www.cettong.cn/library/cet4/2022_09_2-3/test.pdf","542719","bc05bf8999d7b68f1a7f148934e1a9ed6c4e0bd8b45a6ba26e14b2d7e8ecea74","","verified"
"四级","2022.09","2-3","答案解析","cet4_2022_09_2-3_ans.pdf","四级真题/2022.09/答案解析/cet4_2022_09_2-3_ans.pdf","https://www.cettong.cn/library/cet4/2022_09_2-3","https://www.cettong.cn/library/cet4/2022_09_2-3/answer.pdf","556687","f3e6b74b5c6aa0e56c9da7d8d740bdf987a2f5234111e5eda43a8dc7db8e5d0d","","verified"
"四级","2022.06","1","真题","cet4_2022_06_1.pdf","四级真题/2022.06/真题PDF/cet4_2022_06_1.pdf","https://www.cettong.cn/library/cet4/2022_06_1","https://www.cettong.cn/library/cet4/2022_06_1/test.pdf","1661396","98a4aaecf332f9874f8940a802593eb66b2cb44dfaabfaadade4eb4c97b9c585","","verified"
"四级","2022.06","1","答案解析","cet4_2022_06_1_ans.pdf","四级真题/2022.06/答案解析/cet4_2022_06_1_ans.pdf","https://www.cettong.cn/library/cet4/2022_06_1","https://www.cettong.cn/library/cet4/2022_06_1/answer.pdf","3692216","8ee468ef7d12fe2950441aa8e2414c7550b8ae9dc8b9bcbf4a0d7dc09071ac3f","","verified"
"四级","2022.06","1","听力","cet4_2022_06_1.m4a","四级真题/2022.06/听力音频/cet4_2022_06_1.m4a","https://www.cettong.cn/library/cet4/2022_06_1","https://www.cettong.cn/library/cet4/2022_06_1/listening.mp3","4534826","c1481f0a77c37f601e57ea1c46c5149d7111ad7b54c339322d3557de9a6ef303","1540.09","verified"
"四级","2022.06","2","真题","cet4_2022_06_2.pdf","四级真题/2022.06/真题PDF/cet4_2022_06_2.pdf","https://www.cettong.cn/library/cet4/2022_06_2","https://www.cettong.cn/library/cet4/2022_06_2/test.pdf","1272497","315b1fcd4ebcdcada822b8ba32896aa55c3dca890a5493ff3d55e6a09dbe0d3b","","verified"
"四级","2022.06","2","答案解析","cet4_2022_06_2_ans.pdf","四级真题/2022.06/答案解析/cet4_2022_06_2_ans.pdf","https://www.cettong.cn/library/cet4/2022_06_2","https://www.cettong.cn/library/cet4/2022_06_2/answer.pdf","2629698","5babad090dc67db1d648bce2d13abc1c064a08aed57b0e45ee421190e279bad1","","verified"
"四级","2022.06","3","真题","cet4_2022_06_3.pdf","四级真题/2022.06/真题PDF/cet4_2022_06_3.pdf","https://www.cettong.cn/library/cet4/2022_06_3","https://www.cettong.cn/library/cet4/2022_06_3/test.pdf","238114","97f136a584793e94f4f0dc950b1bbaea52eb1bee60daef8bbf72d45617b88789","","verified"
"四级","2022.06","3","答案解析","cet4_2022_06_3_ans.pdf","四级真题/2022.06/答案解析/cet4_2022_06_3_ans.pdf","https://www.cettong.cn/library/cet4/2022_06_3","https://www.cettong.cn/library/cet4/2022_06_3/answer.pdf","381793","e819e47f2bcfb3d2e95e14904ed21c7356eaa677354dbbcf2be1b4a0ee33e2c3","","verified"
"四级","2021.12","1","真题","cet4_2021_12_1.pdf","四级真题/2021.12/真题PDF/cet4_2021_12_1.pdf","https://www.cettong.cn/library/cet4/2021_12_1","https://www.cettong.cn/library/cet4/2021_12_1/test.pdf","1875047","9bf9deb13cf23f1e4f589012ee4eceeb0dc88beada93c97102e23093d0196163","","verified"
"四级","2021.12","1","答案解析","cet4_2021_12_1_ans.pdf","四级真题/2021.12/答案解析/cet4_2021_12_1_ans.pdf","https://www.cettong.cn/library/cet4/2021_12_1","https://www.cettong.cn/library/cet4/2021_12_1/answer.pdf","12333740","4ace0dc07e0881c7aefd87dee6b44e84349d40b64d76451eca8f5999881f20b7","","verified"
"四级","2021.12","1","听力","cet4_2021_12_1.m4a","四级真题/2021.12/听力音频/cet4_2021_12_1.m4a","https://www.cettong.cn/library/cet4/2021_12_1","https://www.cettong.cn/library/cet4/2021_12_1/listening.mp3","4170915","56fffe7a60fd96d3b43fff9e2c0c6156dc48090ce77a96cc2d79a249ee1ab197","1416.46","verified"
"四级","2021.12","2","真题","cet4_2021_12_2.pdf","四级真题/2021.12/真题PDF/cet4_2021_12_2.pdf","https://www.cettong.cn/library/cet4/2021_12_2","https://www.cettong.cn/library/cet4/2021_12_2/test.pdf","1867991","ad5c97c19a000bbb21ba1a19c80daa4b53bd8c4429146e028a90b8ba8462572e","","verified"
"四级","2021.12","2","答案解析","cet4_2021_12_2_ans.pdf","四级真题/2021.12/答案解析/cet4_2021_12_2_ans.pdf","https://www.cettong.cn/library/cet4/2021_12_2","https://www.cettong.cn/library/cet4/2021_12_2/answer.pdf","13268868","8e8daf5ae69358d4b3cab7376ef21ee5c7be10a2c4499d96b3d0cc69176a5a8f","","verified"
"四级","2021.12","2","听力","cet4_2021_12_2.m4a","四级真题/2021.12/听力音频/cet4_2021_12_2.m4a","https://www.cettong.cn/library/cet4/2021_12_2","https://www.cettong.cn/library/cet4/2021_12_2/listening.mp3","4173100","d5dc664b7f166914661a31505fd57f80764e3d081665a1c6ad8af753468f3386","1417.21","verified"
"四级","2021.12","3","真题","cet4_2021_12_3.pdf","四级真题/2021.12/真题PDF/cet4_2021_12_3.pdf","https://www.cettong.cn/library/cet4/2021_12_3","https://www.cettong.cn/library/cet4/2021_12_3/test.pdf","1470274","20f7d6e833e1f7fd88f176394ba00ca806bb99f4a2f8cdecd5a9741e016b7ded","","verified"
"四级","2021.12","3","答案解析","cet4_2021_12_3_ans.pdf","四级真题/2021.12/答案解析/cet4_2021_12_3_ans.pdf","https://www.cettong.cn/library/cet4/2021_12_3","https://www.cettong.cn/library/cet4/2021_12_3/answer.pdf","10073380","4f03c54dfda1a837452e30d2990db59c6681402451c327c7c8ef6c332ddebd05","","verified"
"四级","2021.06","1","真题","cet4_2021_06_1.pdf","四级真题/2021.06/真题PDF/cet4_2021_06_1.pdf","https://www.cettong.cn/library/cet4/2021_06_1","https://www.cettong.cn/library/cet4/2021_06_1/test.pdf","704512","a398a171743e9402576ec35fe488f5daeeaa2456b40eee2dc4d8b9af3c2ddcb5","","verified"
"四级","2021.06","1","答案解析","cet4_2021_06_1_ans.pdf","四级真题/2021.06/答案解析/cet4_2021_06_1_ans.pdf","https://www.cettong.cn/library/cet4/2021_06_1","https://www.cettong.cn/library/cet4/2021_06_1/answer.pdf","2762566","97ed5bc4add7ec5fc4cc4ed80f3cb48dbb15058fce29bf50f84f3e809fb4c9cd","","verified"
"四级","2021.06","1","听力","cet4_2021_06_1.m4a","四级真题/2021.06/听力音频/cet4_2021_06_1.m4a","https://www.cettong.cn/library/cet4/2021_06_1","https://www.cettong.cn/library/cet4/2021_06_1/listening.mp3","4069020","04168266c74ea1a2dac797a58f929b0482e41b4b34e0f6fa64fa023384992174","1381.87","verified"
"四级","2021.06","2","真题","cet4_2021_06_2.pdf","四级真题/2021.06/真题PDF/cet4_2021_06_2.pdf","https://www.cettong.cn/library/cet4/2021_06_2","https://www.cettong.cn/library/cet4/2021_06_2/test.pdf","849021","8d5d51042b01b12574f6bbc1880b16c74b45a3ffd3b205db06630ecf0a3195be","","verified"
"四级","2021.06","2","答案解析","cet4_2021_06_2_ans.pdf","四级真题/2021.06/答案解析/cet4_2021_06_2_ans.pdf","https://www.cettong.cn/library/cet4/2021_06_2","https://www.cettong.cn/library/cet4/2021_06_2/answer.pdf","2857811","81d74542cafcd18e5b5349d65a28d9415d25d6b347410a97ebcb24018fc64ce4","","verified"
"四级","2021.06","2","听力","cet4_2021_06_2.m4a","四级真题/2021.06/听力音频/cet4_2021_06_2.m4a","https://www.cettong.cn/library/cet4/2021_06_2","https://www.cettong.cn/library/cet4/2021_06_2/listening.mp3","4194117","6f2866eefe8dd030f2416cf2e8535f7d2360f70d3c54ee7c04cb1d2b1963f8df","1424.36","verified"
"四级","2021.06","3","真题","cet4_2021_06_3.pdf","四级真题/2021.06/真题PDF/cet4_2021_06_3.pdf","https://www.cettong.cn/library/cet4/2021_06_3","https://www.cettong.cn/library/cet4/2021_06_3/test.pdf","865922","a0d57af51bce87f7193cf3e2e4c34a01ff2d76eed7f603ccb3f3635ae2122fc7","","verified"
"四级","2021.06","3","答案解析","cet4_2021_06_3_ans.pdf","四级真题/2021.06/答案解析/cet4_2021_06_3_ans.pdf","https://www.cettong.cn/library/cet4/2021_06_3","https://www.cettong.cn/library/cet4/2021_06_3/answer.pdf","1918667","b99eb54739de06a48d5fb55c7189b7e0f0341f3a62f31c1bb44517ca582508cd","","verified"
"四级","2020.12","1","真题","cet4_2020_12_1.pdf","四级真题/2020.12/真题PDF/cet4_2020_12_1.pdf","https://www.cettong.cn/library/cet4/2020_12_1","https://www.cettong.cn/library/cet4/2020_12_1/test.pdf","2784224","2dfca4d45e090492d65806ab533f3ed86d6532e338977195d7ec758a79904087","","verified"
"四级","2020.12","1","答案解析","cet4_2020_12_1_ans.pdf","四级真题/2020.12/答案解析/cet4_2020_12_1_ans.pdf","https://www.cettong.cn/library/cet4/2020_12_1","https://www.cettong.cn/library/cet4/2020_12_1/answer.pdf","5310285","6e676e3d919d9b9a46d601da5405a31f81f7f724ebb4bb5645bdbd93dd2c8b65","","verified"
"四级","2020.12","1","听力","cet4_2020_12_1.m4a","四级真题/2020.12/听力音频/cet4_2020_12_1.m4a","https://www.cettong.cn/library/cet4/2020_12_1","https://www.cettong.cn/library/cet4/2020_12_1/listening.mp3","4099371","1453297d2f9291238657d84b60a3c198a2e9007d5f9e86c1a54e0556bc55a443","1392.18","verified"
"四级","2020.12","2","真题","cet4_2020_12_2.pdf","四级真题/2020.12/真题PDF/cet4_2020_12_2.pdf","https://www.cettong.cn/library/cet4/2020_12_2","https://www.cettong.cn/library/cet4/2020_12_2/test.pdf","2877932","eaa4db0b4a0261ee13e4e37fed27d5acf9ffe63bc57b7e2d5346496b7b1b0246","","verified"
"四级","2020.12","2","答案解析","cet4_2020_12_2_ans.pdf","四级真题/2020.12/答案解析/cet4_2020_12_2_ans.pdf","https://www.cettong.cn/library/cet4/2020_12_2","https://www.cettong.cn/library/cet4/2020_12_2/answer.pdf","5094189","490cd2d1c9d4b583a73b531c5ada39aeb1f6e90c3eaa4531d2d33eb0a160413d","","verified"
"四级","2020.12","2","听力","cet4_2020_12_2.m4a","四级真题/2020.12/听力音频/cet4_2020_12_2.m4a","https://www.cettong.cn/library/cet4/2020_12_2","https://www.cettong.cn/library/cet4/2020_12_2/listening.mp3","4058979","73c5d36abe113eeb7bb2c73b3307fe2d64c1bf10adb056b907d9ef21a29a30f0","1378.43","verified"
"四级","2020.12","3","真题","cet4_2020_12_3.pdf","四级真题/2020.12/真题PDF/cet4_2020_12_3.pdf","https://www.cettong.cn/library/cet4/2020_12_3","https://www.cettong.cn/library/cet4/2020_12_3/test.pdf","2116394","4abfbaaeb4734876671619881597bc784ae9a67b1c39b321156c2ac9e5b50061","","verified"
"四级","2020.12","3","答案解析","cet4_2020_12_3_ans.pdf","四级真题/2020.12/答案解析/cet4_2020_12_3_ans.pdf","https://www.cettong.cn/library/cet4/2020_12_3","https://www.cettong.cn/library/cet4/2020_12_3/answer.pdf","3677432","4c2e3047800b9067b184d85fa791224ce4309be59d373fe82292a490df285316","","verified"
"四级","2020.09","1","真题","cet4_2020_09_1.pdf","四级真题/2020.09/真题PDF/cet4_2020_09_1.pdf","https://www.cettong.cn/library/cet4/2020_09_1","https://www.cettong.cn/library/cet4/2020_09_1/test.pdf","1519997","76238505bbeb339e881616bd392949355052af8858dbaeb1280e3530ac97114b","","verified"
"四级","2020.09","1","答案解析","cet4_2020_09_1_ans.pdf","四级真题/2020.09/答案解析/cet4_2020_09_1_ans.pdf","https://www.cettong.cn/library/cet4/2020_09_1","https://www.cettong.cn/library/cet4/2020_09_1/answer.pdf","3385193","2a67bf2ae70f094596e0680770fa66b733cdb76c85e5843ffc569b6068467324","","verified"
"四级","2020.09","1","听力","cet4_2020_09_1.m4a","四级真题/2020.09/听力音频/cet4_2020_09_1.m4a","https://www.cettong.cn/library/cet4/2020_09_1","https://www.cettong.cn/library/cet4/2020_09_1/listening.mp3","4202320","1ae847fa2225867c0ead259aba817cbc2739002e1a682f2f79b61d792268924c","1427.14","verified"
"四级","2020.09","2","真题","cet4_2020_09_2.pdf","四级真题/2020.09/真题PDF/cet4_2020_09_2.pdf","https://www.cettong.cn/library/cet4/2020_09_2","https://www.cettong.cn/library/cet4/2020_09_2/test.pdf","1165692","0e42abec89ed747fad90ebe48da85859d92116eae513bd81175f1f4a00eb3cbc","","verified"
"四级","2020.09","2","答案解析","cet4_2020_09_2_ans.pdf","四级真题/2020.09/答案解析/cet4_2020_09_2_ans.pdf","https://www.cettong.cn/library/cet4/2020_09_2","https://www.cettong.cn/library/cet4/2020_09_2/answer.pdf","2476934","273530c4ab88ffe81821ac1dfb8ff6695ddb867f2079209985032af87e2fef54","","verified"
"四级","2020.09","3","真题","cet4_2020_09_3.pdf","四级真题/2020.09/真题PDF/cet4_2020_09_3.pdf","https://www.cettong.cn/library/cet4/2020_09_3","https://www.cettong.cn/library/cet4/2020_09_3/test.pdf","466925","0e770aec09b6fb7adda8cb709e20b8e3bda20da83b6f0ea6f4e188b221ed06f6","","verified"
"四级","2020.07","1","真题","cet4_2020_07_1.pdf","四级真题/2020.07/真题PDF/cet4_2020_07_1.pdf","https://www.cettong.cn/library/cet4/2020_07_1","https://www.cettong.cn/library/cet4/2020_07_1/test.pdf","2038975","8ab16f0523ad7c3ac690d2de1665e1c9b6efd65512a5a9e0efaf99e457b8e1a7","","verified"
"四级","2020.07","1","答案解析","cet4_2020_07_1_ans.pdf","四级真题/2020.07/答案解析/cet4_2020_07_1_ans.pdf","https://www.cettong.cn/library/cet4/2020_07_1","https://www.cettong.cn/library/cet4/2020_07_1/answer.pdf","2515829","36458b6e22b3f7bccc8aed5e4ec1d4fd7117c6053cdfc516b8e13efb443d908a","","verified"
"四级","2019.12","1","真题","cet4_2019_12_1.pdf","四级真题/2019.12/真题PDF/cet4_2019_12_1.pdf","https://www.cettong.cn/library/cet4/2019_12_1","https://www.cettong.cn/library/cet4/2019_12_1/test.pdf","133937","2131a198cf22b8622151fe0a11c1fd613276b5fa5d028b1d35aff381092f898b","","verified"
"四级","2019.12","1","答案解析","cet4_2019_12_1_答案解析.pdf","四级真题/2019.12/答案解析/cet4_2019_12_1_答案解析.pdf","https://www.cettong.cn/library/cet4/2019_12_1","https://www.cettong.cn/library/cet4/2019_12_1/answer.pdf","4071417","10802c1e11a6403760d2d53ce433a197cc3f17cbd758365d4c2f2a62f720b8cc","","verified"
"四级","2019.12","2","真题","cet4_2019_12_2.pdf","四级真题/2019.12/真题PDF/cet4_2019_12_2.pdf","https://www.cettong.cn/library/cet4/2019_12_2","https://www.cettong.cn/library/cet4/2019_12_2/test.pdf","135444","659fe5a5b0451387f9f9d0049cb211149ea1613a9fd7e5fa510b25962100e652","","verified"
"四级","2019.12","2","答案解析","cet4_2019_12_2_答案解析.pdf","四级真题/2019.12/答案解析/cet4_2019_12_2_答案解析.pdf","https://www.cettong.cn/library/cet4/2019_12_2","https://www.cettong.cn/library/cet4/2019_12_2/answer.pdf","3749748","676780759b54613f10433b60e88402ccf26aabf67593d21df4fe386e38988a50","","verified"
"四级","2019.12","3","真题","cet4_2019_12_3.pdf","四级真题/2019.12/真题PDF/cet4_2019_12_3.pdf","https://www.cettong.cn/library/cet4/2019_12_3","https://www.cettong.cn/library/cet4/2019_12_3/test.pdf","124783","dd59de9cc43d82972446dd6ed17c2f90599b8753b6515cb0d4a9bb90e14cdd62","","verified"
"四级","2019.12","3","答案解析","cet4_2019_12_3_答案解析.pdf","四级真题/2019.12/答案解析/cet4_2019_12_3_答案解析.pdf","https://www.cettong.cn/library/cet4/2019_12_3","https://www.cettong.cn/library/cet4/2019_12_3/answer.pdf","1951692","41dd80f3c9bc85f8bc0fc09703f78a9ebca889aa0f557f4b4f6138b3e3299b59","","verified"
"四级","2019.06","1","真题","cet4_2019_06_1.pdf","四级真题/2019.06/真题PDF/cet4_2019_06_1.pdf","https://www.cettong.cn/library/cet4/2019_06_1","https://www.cettong.cn/library/cet4/2019_06_1/test.pdf","137583","7fdb98b6ed92a677e882e1c8fa9193cb9348b41d70c3e9586a9ea99e972df554","","verified"
"四级","2019.06","1","答案解析","cet4_2019_06_1_答案解析.pdf","四级真题/2019.06/答案解析/cet4_2019_06_1_答案解析.pdf","https://www.cettong.cn/library/cet4/2019_06_1","https://www.cettong.cn/library/cet4/2019_06_1/answer.pdf","3444186","9ac26dfa2f4fd8460e1da5d1daae52b1551830e846e65c11043fcea99394e177","","verified"
"四级","2019.06","2","真题","cet4_2019_06_2.pdf","四级真题/2019.06/真题PDF/cet4_2019_06_2.pdf","https://www.cettong.cn/library/cet4/2019_06_2","https://www.cettong.cn/library/cet4/2019_06_2/test.pdf","135362","3816b4082f2bd342ea406ce8608830d90c5caa85e35348ea3fb2131e2acc928e","","verified"
"四级","2019.06","2","答案解析","cet4_2019_06_2_答案解析.pdf","四级真题/2019.06/答案解析/cet4_2019_06_2_答案解析.pdf","https://www.cettong.cn/library/cet4/2019_06_2","https://www.cettong.cn/library/cet4/2019_06_2/answer.pdf","3346350","94c17f0417aae3986f95c086463946dbfa0a611ca0b0e61e04eabe776a8664da","","verified"
"四级","2019.06","3","真题","cet4_2019_06_3.pdf","四级真题/2019.06/真题PDF/cet4_2019_06_3.pdf","https://www.cettong.cn/library/cet4/2019_06_3","https://www.cettong.cn/library/cet4/2019_06_3/test.pdf","139168","d5a885ac0d9a68e631a46fd6db8e823552953a7faae4bba7c2f0e8f22f059e82","","verified"
"四级","2019.06","3","答案解析","cet4_2019_06_3_答案解析.pdf","四级真题/2019.06/答案解析/cet4_2019_06_3_答案解析.pdf","https://www.cettong.cn/library/cet4/2019_06_3","https://www.cettong.cn/library/cet4/2019_06_3/answer.pdf","2282340","e08d421c70fde5a3e1f9f18c2c21604a8becc41ce561fce177f847fb7f7a9ec0","","verified"
"六级","2025.12","1","真题","cet6_2025_12_1_CET通版.pdf","六级真题/2025.12/真题PDF/cet6_2025_12_1_CET通版.pdf","https://www.cettong.cn/library/cet6/2025_12_1","https://www.cettong.cn/library/cet6/2025_12_1/test.pdf","307920","4fac338c84e06f95f341947d9944b3f5434d0074705762eb0a2c8945499dc1a3","","verified"
"六级","2025.12","1","答案解析","cet6_2025_12_1_答案解析.pdf","六级真题/2025.12/答案解析/cet6_2025_12_1_答案解析.pdf","https://www.cettong.cn/library/cet6/2025_12_1","https://www.cettong.cn/library/cet6/2025_12_1/answer.pdf","4262874","62476a894db0d68e6ff94688a7b9fab88479992dc67d53714a17b2a6c14b9fe5","","verified"
"六级","2025.12","1","听力","cet6_2025_12_1.m4a","六级真题/2025.12/听力音频/cet6_2025_12_1.m4a","https://www.cettong.cn/library/cet6/2025_12_1","https://www.cettong.cn/library/cet6/2025_12_1/listening.mp3","4546308","71db45f76bb1ca6f037986b248f6a31341318e66d93950d52cd8fb3dcc09838c","1543.99","verified"
"六级","2025.12","2","真题","cet6_2025_12_2_CET通版.pdf","六级真题/2025.12/真题PDF/cet6_2025_12_2_CET通版.pdf","https://www.cettong.cn/library/cet6/2025_12_2","https://www.cettong.cn/library/cet6/2025_12_2/test.pdf","303543","ad6b856ce3aa9647344d7ad1caa4bfbcbb074effa49f1ab787f7ab20859d52ed","","verified"
"六级","2025.12","2","答案解析","cet6_2025_12_2_答案解析.pdf","六级真题/2025.12/答案解析/cet6_2025_12_2_答案解析.pdf","https://www.cettong.cn/library/cet6/2025_12_2","https://www.cettong.cn/library/cet6/2025_12_2/answer.pdf","4402707","12c8f46be673a6aefc2b34ec8d093187a3b91ec8f91f65cd45bf5cec8d241b80","","verified"
"六级","2025.12","2","听力","cet6_2025_12_2.m4a","六级真题/2025.12/听力音频/cet6_2025_12_2.m4a","https://www.cettong.cn/library/cet6/2025_12_2","https://www.cettong.cn/library/cet6/2025_12_2/listening.mp3","4579121","a3b51d42450edaee5d85d6e997251f4c1300b645d0f71529bd103c8c1a5fc2d7","1555.13","verified"
"六级","2025.12","3","真题","cet6_2025_12_3_CET通版.pdf","六级真题/2025.12/真题PDF/cet6_2025_12_3_CET通版.pdf","https://www.cettong.cn/library/cet6/2025_12_3","https://www.cettong.cn/library/cet6/2025_12_3/test.pdf","299050","9151ec800264de84ecee25f07bd37bee283c411ae821259fd6055cbf9b1d7c2b","","verified"
"六级","2025.12","3","答案解析","cet6_2025_12_3_答案解析.pdf","六级真题/2025.12/答案解析/cet6_2025_12_3_答案解析.pdf","https://www.cettong.cn/library/cet6/2025_12_3","https://www.cettong.cn/library/cet6/2025_12_3/answer.pdf","2465967","0678793832a086d7949e66a6301e453f9f678bf6bd34d990d2f415e1b64b7d05","","verified"
"六级","2025.06","1","真题","cet6_2025_06_1.pdf","六级真题/2025.06/真题PDF/cet6_2025_06_1.pdf","https://www.cettong.cn/library/cet6/2025_06_1","https://www.cettong.cn/library/cet6/2025_06_1/test.pdf","356282","15ac17ef0cf3089ca11c833ecd20b55955b33b4043f27093280222a0d79117b8","","verified"
"六级","2025.06","1","答案解析","cet6_2025_06_1_答案解析.pdf","六级真题/2025.06/答案解析/cet6_2025_06_1_答案解析.pdf","https://www.cettong.cn/library/cet6/2025_06_1","https://www.cettong.cn/library/cet6/2025_06_1/answer.pdf","4745121","19f33693d4e9b6f0d4b709c035bfc37b7a9efedb1c430dd81c383330a7eaabbe","","verified"
"六级","2025.06","1","听力","cet6_2025_06_1.m4a","六级真题/2025.06/听力音频/cet6_2025_06_1.m4a","https://www.cettong.cn/library/cet6/2025_06_1","https://www.cettong.cn/library/cet6/2025_06_1/listening.mp3","4587324","90906779576f8a32d14030d3d394a7bea33322c276c9701728173aff36912703","1557.92","verified"
"六级","2025.06","2","真题","cet6_2025_06_2.pdf","六级真题/2025.06/真题PDF/cet6_2025_06_2.pdf","https://www.cettong.cn/library/cet6/2025_06_2","https://www.cettong.cn/library/cet6/2025_06_2/test.pdf","361272","7b6186d254a6910a18e17de09e2112f37f4b4d0d6370626b9fbedbc09e73c11c","","verified"
"六级","2025.06","2","答案解析","cet6_2025_06_2_答案解析.pdf","六级真题/2025.06/答案解析/cet6_2025_06_2_答案解析.pdf","https://www.cettong.cn/library/cet6/2025_06_2","https://www.cettong.cn/library/cet6/2025_06_2/answer.pdf","4586614","572a48d26cc248013f24e8eb456f463cced743877a6f9907f4a7e51ed94a96ac","","verified"
"六级","2025.06","2","听力","cet6_2025_06_2.m4a","六级真题/2025.06/听力音频/cet6_2025_06_2.m4a","https://www.cettong.cn/library/cet6/2025_06_2","https://www.cettong.cn/library/cet6/2025_06_2/listening.mp3","4616581","eb99adfdf23c1b7f8ad93d7c30be8d354f104801760c318b9d352ff984fe4196","1567.86","verified"
"六级","2025.06","3","真题","cet6_2025_06_3.pdf","六级真题/2025.06/真题PDF/cet6_2025_06_3.pdf","https://www.cettong.cn/library/cet6/2025_06_3","https://www.cettong.cn/library/cet6/2025_06_3/test.pdf","325142","0b517826acf7326d7528bf0f4d92ec24a30a095ec6bf05610d6a3ce1722a1696","","verified"
"六级","2025.06","3","答案解析","cet6_2025_06_3_答案解析.pdf","六级真题/2025.06/答案解析/cet6_2025_06_3_答案解析.pdf","https://www.cettong.cn/library/cet6/2025_06_3","https://www.cettong.cn/library/cet6/2025_06_3/answer.pdf","2879353","7998dce6589556e93193d7b73b0c4502fb1b8da58bfb3d9daeb394934ae085fe","","verified"
"六级","2024.12","1","真题","cet6_2024_12_1.pdf","六级真题/2024.12/真题PDF/cet6_2024_12_1.pdf","https://www.cettong.cn/library/cet6/2024_12_1","https://www.cettong.cn/library/cet6/2024_12_1/test.pdf","371414","5d71737190c7a6951d25c9ecd8645c0068ceb29f032f5962c94ea8d776e46672","","verified"
"六级","2024.12","1","答案解析","cet6_2024_12_1_答案解析.pdf","六级真题/2024.12/答案解析/cet6_2024_12_1_答案解析.pdf","https://www.cettong.cn/library/cet6/2024_12_1","https://www.cettong.cn/library/cet6/2024_12_1/answer.pdf","4147614","d38117a060c24d64d4155ed94d1d6d53ed359387ce4b42e3fa4c314bbe5be11e","","verified"
"六级","2024.12","1","听力","cet6_2024_12_1.m4a","六级真题/2024.12/听力音频/cet6_2024_12_1.m4a","https://www.cettong.cn/library/cet6/2024_12_1","https://www.cettong.cn/library/cet6/2024_12_1/listening.mp3","4906476","c2b4564130553a8856aff78bef55a0a26449ce40dbdcc3638114771bccac6e36","1666.31","verified"
"六级","2024.12","2","真题","cet6_2024_12_2.pdf","六级真题/2024.12/真题PDF/cet6_2024_12_2.pdf","https://www.cettong.cn/library/cet6/2024_12_2","https://www.cettong.cn/library/cet6/2024_12_2/test.pdf","354412","de0f410d0edaa896970727b75cee67960b52459588ad7a7331d18f4c97d0dff4","","verified"
"六级","2024.12","2","答案解析","cet6_2024_12_2_答案解析.pdf","六级真题/2024.12/答案解析/cet6_2024_12_2_答案解析.pdf","https://www.cettong.cn/library/cet6/2024_12_2","https://www.cettong.cn/library/cet6/2024_12_2/answer.pdf","4138091","ba1adaa0c37803dd04a105410cd22c8ca39df1694f8022195bbe69621736b6bd","","verified"
"六级","2024.12","2","听力","cet6_2024_12_2.m4a","六级真题/2024.12/听力音频/cet6_2024_12_2.m4a","https://www.cettong.cn/library/cet6/2024_12_2","https://www.cettong.cn/library/cet6/2024_12_2/listening.mp3","4830413","404b8a20d3881ad478e88c62cd9434989182c8c3e45cc8277aab3a3f07a0431b","1640.49","verified"
"六级","2024.12","3","真题","cet6_2024_12_3.pdf","六级真题/2024.12/真题PDF/cet6_2024_12_3.pdf","https://www.cettong.cn/library/cet6/2024_12_3","https://www.cettong.cn/library/cet6/2024_12_3/test.pdf","319338","4eff618e3b7b6ab54f2c9c2528b6ac23039c3650af035bd3d4bb3e104a775d8f","","verified"
"六级","2024.12","3","答案解析","cet6_2024_12_3_答案解析.pdf","六级真题/2024.12/答案解析/cet6_2024_12_3_答案解析.pdf","https://www.cettong.cn/library/cet6/2024_12_3","https://www.cettong.cn/library/cet6/2024_12_3/answer.pdf","2652407","f6469f9b62d2a3e84f20abc697eeb40d89fd1c1a7b5584588e840a30c09036d8","","verified"
"六级","2024.06","1","真题","cet6_2024_06_1.pdf","六级真题/2024.06/真题PDF/cet6_2024_06_1.pdf","https://www.cettong.cn/library/cet6/2024_06_1","https://www.cettong.cn/library/cet6/2024_06_1/test.pdf","377948","ef879d945d233082b357ac48a524d9f755b4aa63deffa246c6cb86c32440431f","","verified"
"六级","2024.06","1","答案解析","cet6_2024_06_1_答案解析.pdf","六级真题/2024.06/答案解析/cet6_2024_06_1_答案解析.pdf","https://www.cettong.cn/library/cet6/2024_06_1","https://www.cettong.cn/library/cet6/2024_06_1/answer.pdf","4052285","42f6e5da3395b3dccdb2669e7bc3321f30b7d45f93d862cb3ca30569a31b0425","","verified"
"六级","2024.06","1","听力","cet6_2024_06_1.m4a","六级真题/2024.06/听力音频/cet6_2024_06_1.m4a","https://www.cettong.cn/library/cet6/2024_06_1","https://www.cettong.cn/library/cet6/2024_06_1/listening.mp3","4771487","98f87cce756cf13824d13b3014b9d62294327d7d3d2784f01b8ba83483b73517","1620.47","verified"
"六级","2024.06","2","真题","cet6_2024_06_2.pdf","六级真题/2024.06/真题PDF/cet6_2024_06_2.pdf","https://www.cettong.cn/library/cet6/2024_06_2","https://www.cettong.cn/library/cet6/2024_06_2/test.pdf","263843","3df3ad48a9094dac4cc62aee9b80c05b6cfd3b140ff1d121986ed2edd670c48c","","verified"
"六级","2024.06","2","答案解析","cet6_2024_06_2_答案解析.pdf","六级真题/2024.06/答案解析/cet6_2024_06_2_答案解析.pdf","https://www.cettong.cn/library/cet6/2024_06_2","https://www.cettong.cn/library/cet6/2024_06_2/answer.pdf","4012164","0a21dd50e50577134303fd0e15dece6f16a2ef1d89fb57d1dcda20acc383ef83","","verified"
"六级","2024.06","2","听力","cet6_2024_06_2.m4a","六级真题/2024.06/听力音频/cet6_2024_06_2.m4a","https://www.cettong.cn/library/cet6/2024_06_2","https://www.cettong.cn/library/cet6/2024_06_2/listening.mp3","4561348","fac9987f4ecb6ba750134dcb05e6553b8b8afb6d9da8febd3c31cdf0a435b74c","1549.1","verified"
"六级","2024.06","3","真题","cet6_2024_06_3.pdf","六级真题/2024.06/真题PDF/cet6_2024_06_3.pdf","https://www.cettong.cn/library/cet6/2024_06_3","https://www.cettong.cn/library/cet6/2024_06_3/test.pdf","339662","58bdf2e4cf9ad757887bac3e3901f66e092e8e7d7d0c6b56a6c137c0b2d00d54","","verified"
"六级","2024.06","3","答案解析","cet6_2024_06_3_答案解析.pdf","六级真题/2024.06/答案解析/cet6_2024_06_3_答案解析.pdf","https://www.cettong.cn/library/cet6/2024_06_3","https://www.cettong.cn/library/cet6/2024_06_3/answer.pdf","2267958","389494605c21e439c776bace09a376274fb7ffe798909cd129ccaf7e3fbb6558","","verified"
"六级","2023.12","1","真题","cet6_2023_12_1.pdf","六级真题/2023.12/真题PDF/cet6_2023_12_1.pdf","https://www.cettong.cn/library/cet6/2023_12_1","https://www.cettong.cn/library/cet6/2023_12_1/test.pdf","2177653","942e09a84d31a40ffd1bc77fcb5bb0611a05a1bb7408e0514ffbc4807ae40a9a","","verified"
"六级","2023.12","1","答案解析","cet6_2023_12_1_答案解析.pdf","六级真题/2023.12/答案解析/cet6_2023_12_1_答案解析.pdf","https://www.cettong.cn/library/cet6/2023_12_1","https://www.cettong.cn/library/cet6/2023_12_1/answer.pdf","4337532","ad69525f548d6cf1d331a50e8e6ede4ae9e7eff98e0fb264ceaba05789b408da","","verified"
"六级","2023.12","1","听力","cet6_2023_12_1.m4a","六级真题/2023.12/听力音频/cet6_2023_12_1.m4a","https://www.cettong.cn/library/cet6/2023_12_1","https://www.cettong.cn/library/cet6/2023_12_1/listening.mp3","4614123","e022f8e815a39bb302fd91669d3a79f674703da61ee0e2589a6af0db48f3eff5","1567.02","verified"
"六级","2023.12","2","真题","cet6_2023_12_2.pdf","六级真题/2023.12/真题PDF/cet6_2023_12_2.pdf","https://www.cettong.cn/library/cet6/2023_12_2","https://www.cettong.cn/library/cet6/2023_12_2/test.pdf","2233496","35f400af8df9a622f257dd9e460513e09d609ddd82716cbba924736cd389c3b9","","verified"
"六级","2023.12","2","答案解析","cet6_2023_12_2_答案解析.pdf","六级真题/2023.12/答案解析/cet6_2023_12_2_答案解析.pdf","https://www.cettong.cn/library/cet6/2023_12_2","https://www.cettong.cn/library/cet6/2023_12_2/answer.pdf","4275436","14fdc572b79c8e05529653653d03c3229c42338d95a79caf4e3f9620397d4262","","verified"
"六级","2023.12","2","听力","cet6_2023_12_2.m4a","六级真题/2023.12/听力音频/cet6_2023_12_2.m4a","https://www.cettong.cn/library/cet6/2023_12_2","https://www.cettong.cn/library/cet6/2023_12_2/listening.mp3","4605643","39b8be4ef5e62c70ec3f56bc3143f93ab5de26cba35b7606f234701f87cfaa7d","1564.14","verified"
"六级","2023.12","3","真题","cet6_2023_12_3.pdf","六级真题/2023.12/真题PDF/cet6_2023_12_3.pdf","https://www.cettong.cn/library/cet6/2023_12_3","https://www.cettong.cn/library/cet6/2023_12_3/test.pdf","1706154","863dce5f60d8f4dad1b0920e70bcba80542644750f517f634be950c61f4b1fd6","","verified"
"六级","2023.12","3","答案解析","cet6_2023_12_3_答案解析.pdf","六级真题/2023.12/答案解析/cet6_2023_12_3_答案解析.pdf","https://www.cettong.cn/library/cet6/2023_12_3","https://www.cettong.cn/library/cet6/2023_12_3/answer.pdf","2580492","06d37c126560c340ae2a65728a5bdd8305f621a8a04fc9a52254b96dfae8c158","","verified"
"六级","2023.06","1","真题","cet6_2023_06_1.pdf","六级真题/2023.06/真题PDF/cet6_2023_06_1.pdf","https://www.cettong.cn/library/cet6/2023_06_1","https://www.cettong.cn/library/cet6/2023_06_1/test.pdf","2166290","a64db8e40f453ed492ca11b86a9788e760bac393210809965215082d06256859","","verified"
"六级","2023.06","1","答案解析","cet6_2023_06_1_答案解析.pdf","六级真题/2023.06/答案解析/cet6_2023_06_1_答案解析.pdf","https://www.cettong.cn/library/cet6/2023_06_1","https://www.cettong.cn/library/cet6/2023_06_1/answer.pdf","3998977","10eb0d5fabd474de7a7fa4662b652b7ed346dff955e43639f9ce35d34be12f4b","","verified"
"六级","2023.06","1","听力","cet6_2023_06_1.m4a","六级真题/2023.06/听力音频/cet6_2023_06_1.m4a","https://www.cettong.cn/library/cet6/2023_06_1","https://www.cettong.cn/library/cet6/2023_06_1/listening.mp3","4867096","26b738bcfd8064454d207788f225cd5d9efec6007ccb7ab32997992dab1a2583","1652.94","verified"
"六级","2023.06","2","真题","cet6_2023_06_2.pdf","六级真题/2023.06/真题PDF/cet6_2023_06_2.pdf","https://www.cettong.cn/library/cet6/2023_06_2","https://www.cettong.cn/library/cet6/2023_06_2/test.pdf","2140027","2eef014b50171097056d0f0f0cff7e115c4202a9299d3e860b9dba15fb56efd9","","verified"
"六级","2023.06","2","答案解析","cet6_2023_06_2_答案解析.pdf","六级真题/2023.06/答案解析/cet6_2023_06_2_答案解析.pdf","https://www.cettong.cn/library/cet6/2023_06_2","https://www.cettong.cn/library/cet6/2023_06_2/answer.pdf","4095971","cad4430dd1077d4fa67ec65b82ab4fe703d16b6e0ba3931469fbb325d8cef201","","verified"
"六级","2023.06","2","听力","cet6_2023_06_2.m4a","六级真题/2023.06/听力音频/cet6_2023_06_2.m4a","https://www.cettong.cn/library/cet6/2023_06_2","https://www.cettong.cn/library/cet6/2023_06_2/listening.mp3","4867191","01589e03c9d336ff2de10491d6e5c52e4cf3dc015dc4bab24bea0b1f113d932f","1652.98","verified"
"六级","2023.06","3","真题","cet6_2023_06_3.pdf","六级真题/2023.06/真题PDF/cet6_2023_06_3.pdf","https://www.cettong.cn/library/cet6/2023_06_3","https://www.cettong.cn/library/cet6/2023_06_3/test.pdf","1696021","12c74cd2a8ce94dc3efa2a178af99c36df6d03fe1611f178c89a9392c4e26ca2","","verified"
"六级","2023.06","3","答案解析","cet6_2023_06_3_答案解析.pdf","六级真题/2023.06/答案解析/cet6_2023_06_3_答案解析.pdf","https://www.cettong.cn/library/cet6/2023_06_3","https://www.cettong.cn/library/cet6/2023_06_3/answer.pdf","2480122","ba703aec961b4fb6f32a9352cd446bf9161a194f73f5d7081b8f82ce1aa54e44","","verified"
"六级","2023.03","1","真题","cet6_2023_03_1.pdf","六级真题/2023.03/真题PDF/cet6_2023_03_1.pdf","https://www.cettong.cn/library/cet6/2023_03_1","https://www.cettong.cn/library/cet6/2023_03_1/test.pdf","2087220","6fb1fd005a0677e2cf8009000562cd30f41351d93eebf5c57519b7b5ba10213a","","verified"
"六级","2023.03","1","答案解析","cet6_2023_03_1_答案解析.pdf","六级真题/2023.03/答案解析/cet6_2023_03_1_答案解析.pdf","https://www.cettong.cn/library/cet6/2023_03_1","https://www.cettong.cn/library/cet6/2023_03_1/answer.pdf","3952607","bf81c167a635f8120495d77393642b2c8c54ef040bc0239e65a6953a2979b0ec","","verified"
"六级","2023.03","1","听力","cet6_2023_03_1.m4a","六级真题/2023.03/听力音频/cet6_2023_03_1.m4a","https://www.cettong.cn/library/cet6/2023_03_1","https://www.cettong.cn/library/cet6/2023_03_1/listening.mp3","4638320","62263b74538dbcaf296ce18a9c262d51e342f18f80324a64ace107cf1dddf6e7","1575.24","verified"
"六级","2023.03","2-3","真题","cet6_2023_03_2-3.pdf","六级真题/2023.03/真题PDF/cet6_2023_03_2-3.pdf","https://www.cettong.cn/library/cet6/2023_03_2-3","https://www.cettong.cn/library/cet6/2023_03_2-3/test.pdf","564588","2570952cd5781945f79b1e98a48266fb04f8ab815226d504941c14110683b8ea","","verified"
"六级","2023.03","2-3","答案解析","cet6_2023_03_2-3_答案解析.pdf","六级真题/2023.03/答案解析/cet6_2023_03_2-3_答案解析.pdf","https://www.cettong.cn/library/cet6/2023_03_2-3","https://www.cettong.cn/library/cet6/2023_03_2-3/answer.pdf","788629","67cb0dbd2001fc8c9f6d73177c8f9509aa9652b294e017e1f06280cd71aac053","","verified"
"六级","2022.12","1","真题","cet6_2022_12_1.pdf","六级真题/2022.12/真题PDF/cet6_2022_12_1.pdf","https://www.cettong.cn/library/cet6/2022_12_1","https://www.cettong.cn/library/cet6/2022_12_1/test.pdf","2131105","6c321c079ddf8aaf5ed9c3531f33ffe43a1ea3c32008bed82e52b56ecbf50550","","verified"
"六级","2022.12","1","答案解析","cet6_2022_12_1_答案解析.pdf","六级真题/2022.12/答案解析/cet6_2022_12_1_答案解析.pdf","https://www.cettong.cn/library/cet6/2022_12_1","https://www.cettong.cn/library/cet6/2022_12_1/answer.pdf","4311441","a6d828b1861e8a5c4f38790fd79ceacd282a04336f35c6cf7c1592facbfba663","","verified"
"六级","2022.12","1","听力","cet6_2022_12_1.m4a","六级真题/2022.12/听力音频/cet6_2022_12_1.m4a","https://www.cettong.cn/library/cet6/2022_12_1","https://www.cettong.cn/library/cet6/2022_12_1/listening.mp3","4816770","65cc4ccd5c55a0e1d6fb43df47980597e5e7da01005d29702534c5332b652de3","1635.8","verified"
"六级","2022.12","2","真题","cet6_2022_12_2.pdf","六级真题/2022.12/真题PDF/cet6_2022_12_2.pdf","https://www.cettong.cn/library/cet6/2022_12_2","https://www.cettong.cn/library/cet6/2022_12_2/test.pdf","2158961","52a935ceb2113e22e4b3f519635c30b728aedcaeeaf774ca5a0e80f3a88b7966","","verified"
"六级","2022.12","2","答案解析","cet6_2022_12_2_答案解析.pdf","六级真题/2022.12/答案解析/cet6_2022_12_2_答案解析.pdf","https://www.cettong.cn/library/cet6/2022_12_2","https://www.cettong.cn/library/cet6/2022_12_2/answer.pdf","4326216","c342f9415627b0143c951707055234a102354ce9ce9b97b73e2360db94683c58","","verified"
"六级","2022.12","2","听力","cet6_2022_12_2.m4a","六级真题/2022.12/听力音频/cet6_2022_12_2.m4a","https://www.cettong.cn/library/cet6/2022_12_2","https://www.cettong.cn/library/cet6/2022_12_2/listening.mp3","4670587","b026cf64f3145d3d03ff2c4a08482cbb1c682e20bfc328bedda41e0141700e18","1586.2","verified"
"六级","2022.12","3","真题","cet6_2022_12_3.pdf","六级真题/2022.12/真题PDF/cet6_2022_12_3.pdf","https://www.cettong.cn/library/cet6/2022_12_3","https://www.cettong.cn/library/cet6/2022_12_3/test.pdf","1676136","ea7339fb589c0f9c82a74c8325cd97b8440a979e6d42b831fc0d87b58c5c74cd","","verified"
"六级","2022.12","3","答案解析","cet6_2022_12_3_答案解析.pdf","六级真题/2022.12/答案解析/cet6_2022_12_3_答案解析.pdf","https://www.cettong.cn/library/cet6/2022_12_3","https://www.cettong.cn/library/cet6/2022_12_3/answer.pdf","2856991","b9f3285855aa6b20c915a237f7f3ad4bea35fec2579244c5331c9ea24871e79a","","verified"
"六级","2022.09","1","真题","cet6_2022_09_1.pdf","六级真题/2022.09/真题PDF/cet6_2022_09_1.pdf","https://www.cettong.cn/library/cet6/2022_09_1","https://www.cettong.cn/library/cet6/2022_09_1/test.pdf","1866299","84803728ee7739994faaeeaa865c236cc41889ebce74d3177daaa8a95e8fdd0f","","verified"
"六级","2022.09","1","答案解析","cet6_2022_09_1_答案解析.pdf","六级真题/2022.09/答案解析/cet6_2022_09_1_答案解析.pdf","https://www.cettong.cn/library/cet6/2022_09_1","https://www.cettong.cn/library/cet6/2022_09_1/answer.pdf","3818207","b642906ad801e9cbbf54e50889d3aaf5d33ec8ded3dd7ad1df16aa73814333a0","","verified"
"六级","2022.09","1","听力","cet6_2022_09_1.m4a","六级真题/2022.09/听力音频/cet6_2022_09_1.m4a","https://www.cettong.cn/library/cet6/2022_09_1","https://www.cettong.cn/library/cet6/2022_09_1/listening.mp3","4836220","abeb24db02d8b325504de83750636b9f8775e0a27a4fc3da7e85b2710d9fe29c","1642.44","verified"
"六级","2022.09","2-3","真题","cet6_2022_09_2-3.pdf","六级真题/2022.09/真题PDF/cet6_2022_09_2-3.pdf","https://www.cettong.cn/library/cet6/2022_09_2-3","https://www.cettong.cn/library/cet6/2022_09_2-3/test.pdf","189786","1d7f456011fadb345feb1a75cf427b2b448bd0355eff924326f73983f14f28d8","","verified"
"六级","2022.09","2-3","答案解析","cet6_2022_09_2-3_答案解析.pdf","六级真题/2022.09/答案解析/cet6_2022_09_2-3_答案解析.pdf","https://www.cettong.cn/library/cet6/2022_09_2-3","https://www.cettong.cn/library/cet6/2022_09_2-3/answer.pdf","442058","ff0e1c8772dbfa52780377bc0f24d47194e8625a13ef965a9aa68c3bcb9d0406","","verified"
"六级","2022.06","1","真题","cet6_2022_06_1.pdf","六级真题/2022.06/真题PDF/cet6_2022_06_1.pdf","https://www.cettong.cn/library/cet6/2022_06_1","https://www.cettong.cn/library/cet6/2022_06_1/test.pdf","2100383","6e102097e911b394171304b8aebf66792fb3cf774c875576b4ecdb1b387def71","","verified"
"六级","2022.06","1","答案解析","cet6_2022_06_1_答案解析.pdf","六级真题/2022.06/答案解析/cet6_2022_06_1_答案解析.pdf","https://www.cettong.cn/library/cet6/2022_06_1","https://www.cettong.cn/library/cet6/2022_06_1/answer.pdf","4292503","2818b589a4d403654e5c9d9eab784fc5755a521b3c8a40e56c712b4dc5a38d1e","","verified"
"六级","2022.06","1","听力","cet6_2022_06_1.m4a","六级真题/2022.06/听力音频/cet6_2022_06_1.m4a","https://www.cettong.cn/library/cet6/2022_06_1","https://www.cettong.cn/library/cet6/2022_06_1/listening.mp3","5032072","ea480c968b83583b9832eafa06ad5f607fdac6f11ccdff9746a77832d5eec4dd","1708.99","verified"
"六级","2022.06","2-3","真题","cet6_2022_06_2-3.pdf","六级真题/2022.06/真题PDF/cet6_2022_06_2-3.pdf","https://www.cettong.cn/library/cet6/2022_06_2-3","https://www.cettong.cn/library/cet6/2022_06_2-3/test.pdf","2020677","adc7cae0dfb982a3dae2281e2f564f43d6e10459a35f8b8d53ee2605edf4e7ab","","verified"
"六级","2022.06","2-3","答案解析","cet6_2022_06_2-3_答案解析.pdf","六级真题/2022.06/答案解析/cet6_2022_06_2-3_答案解析.pdf","https://www.cettong.cn/library/cet6/2022_06_2-3","https://www.cettong.cn/library/cet6/2022_06_2-3/answer.pdf","3175781","f1fbbb704b6a3eeb958a2a97d1ba602bc3dca2b69a7de1ccb450dd038bb0d81d","","verified"
"六级","2021.12","1","真题","cet6_2021_12_1.pdf","六级真题/2021.12/真题PDF/cet6_2021_12_1.pdf","https://www.cettong.cn/library/cet6/2021_12_1","https://www.cettong.cn/library/cet6/2021_12_1/test.pdf","2075887","a872dc6edf1b370c15269e7ebe450d85892d59bca9c6c118f81fc177c9490b08","","verified"
"六级","2021.12","1","答案解析","cet6_2021_12_1_答案解析.pdf","六级真题/2021.12/答案解析/cet6_2021_12_1_答案解析.pdf","https://www.cettong.cn/library/cet6/2021_12_1","https://www.cettong.cn/library/cet6/2021_12_1/answer.pdf","4571770","1c3fc46c15de690ae23323711a18332e25bf1fff1266a2b3989b08728649d728","","verified"
"六级","2021.12","1","听力","cet6_2021_12_1.m4a","六级真题/2021.12/听力音频/cet6_2021_12_1.m4a","https://www.cettong.cn/library/cet6/2021_12_1","https://www.cettong.cn/library/cet6/2021_12_1/listening.mp3","4634218","f317a352374c42fd2c00a4ad84562f0f8290d612838ebd8187d363f0746726cb","1573.85","verified"
"六级","2021.12","2","真题","cet6_2021_12_2.pdf","六级真题/2021.12/真题PDF/cet6_2021_12_2.pdf","https://www.cettong.cn/library/cet6/2021_12_2","https://www.cettong.cn/library/cet6/2021_12_2/test.pdf","2211760","a9649e317c6505e1caaf062de081ae35399fc63e551824a4e32a413648b05766","","verified"
"六级","2021.12","2","答案解析","cet6_2021_12_2_答案解析.pdf","六级真题/2021.12/答案解析/cet6_2021_12_2_答案解析.pdf","https://www.cettong.cn/library/cet6/2021_12_2","https://www.cettong.cn/library/cet6/2021_12_2/answer.pdf","4380187","226d22fc9df10f701d513c98123ff1c34fbfca06b5f3548572ce376f6f4b0aa5","","verified"
"六级","2021.12","2","听力","cet6_2021_12_2.m4a","六级真题/2021.12/听力音频/cet6_2021_12_2.m4a","https://www.cettong.cn/library/cet6/2021_12_2","https://www.cettong.cn/library/cet6/2021_12_2/listening.mp3","4758224","8e2bc2032336acd339e916fa862836721f776c6f4d68688c513dde02139789ab","1615.97","verified"
"六级","2021.12","3","真题","cet6_2021_12_3.pdf","六级真题/2021.12/真题PDF/cet6_2021_12_3.pdf","https://www.cettong.cn/library/cet6/2021_12_3","https://www.cettong.cn/library/cet6/2021_12_3/test.pdf","1216338","b7e84a4eacbe847964174cdc7b0d5dc179a7e9a359f9aad348acb9d66efa350d","","verified"
"六级","2021.12","3","答案解析","cet6_2021_12_3_答案解析.pdf","六级真题/2021.12/答案解析/cet6_2021_12_3_答案解析.pdf","https://www.cettong.cn/library/cet6/2021_12_3","https://www.cettong.cn/library/cet6/2021_12_3/answer.pdf","2352055","208db6b0ac539472bc8907f5fc108044627bdd672feb6799d456253c576e4267","","verified"
"六级","2021.06","1","真题","cet6_2021_06_1.pdf","六级真题/2021.06/真题PDF/cet6_2021_06_1.pdf","https://www.cettong.cn/library/cet6/2021_06_1","https://www.cettong.cn/library/cet6/2021_06_1/test.pdf","2014236","28ee0371724573166ed299ae7033a8ac31aece1dbecf613c369e77f7796a9f6c","","verified"
"六级","2021.06","1","答案解析","cet6_2021_06_1_答案解析.pdf","六级真题/2021.06/答案解析/cet6_2021_06_1_答案解析.pdf","https://www.cettong.cn/library/cet6/2021_06_1","https://www.cettong.cn/library/cet6/2021_06_1/answer.pdf","4191039","f9d69e746f0ee5e876fe9cd84c469abf7eb9df5dd8d437eeccc2696b73158e93","","verified"
"六级","2021.06","1","听力","cet6_2021_06_1.m4a","六级真题/2021.06/听力音频/cet6_2021_06_1.m4a","https://www.cettong.cn/library/cet6/2021_06_1","https://www.cettong.cn/library/cet6/2021_06_1/listening.mp3","4968899","bc5a89f888d2e79397492a4d000733011d97a0f3373e859666c764bb3d459025","1687.44","verified"
"六级","2021.06","2","真题","cet6_2021_06_2.pdf","六级真题/2021.06/真题PDF/cet6_2021_06_2.pdf","https://www.cettong.cn/library/cet6/2021_06_2","https://www.cettong.cn/library/cet6/2021_06_2/test.pdf","2006390","175f3c61257e97dbbbde948fff6ef352b590576350c4cf7cd8aef8edaa11ea51","","verified"
"六级","2021.06","2","答案解析","cet6_2021_06_2_答案解析.pdf","六级真题/2021.06/答案解析/cet6_2021_06_2_答案解析.pdf","https://www.cettong.cn/library/cet6/2021_06_2","https://www.cettong.cn/library/cet6/2021_06_2/answer.pdf","4181713","4c7c6732f171756bb7abfc0a18876a774e1cb507e0fd5de540956c5bcaf7e90e","","verified"
"六级","2021.06","2","听力","cet6_2021_06_2.m4a","六级真题/2021.06/听力音频/cet6_2021_06_2.m4a","https://www.cettong.cn/library/cet6/2021_06_2","https://www.cettong.cn/library/cet6/2021_06_2/listening.mp3","5015802","ce1871be7c0745b7210967d130bd1cfaeee903638f12e7f4798ab74887f76180","1703.46","verified"
"六级","2021.06","3","真题","cet6_2021_06_3.pdf","六级真题/2021.06/真题PDF/cet6_2021_06_3.pdf","https://www.cettong.cn/library/cet6/2021_06_3","https://www.cettong.cn/library/cet6/2021_06_3/test.pdf","1535157","1bb51699ea16bd7abf5ebc1210d1308f86b21a0846e234d8364e6641c15acebf","","verified"
"六级","2021.06","3","答案解析","cet6_2021_06_3_答案解析.pdf","六级真题/2021.06/答案解析/cet6_2021_06_3_答案解析.pdf","https://www.cettong.cn/library/cet6/2021_06_3","https://www.cettong.cn/library/cet6/2021_06_3/answer.pdf","2689142","b511acd6ce485fea97a21b754930c39f621c42d3b0b5b925b03f0cf47e4dde9d","","verified"
"六级","2020.12","1","真题","cet6_2020_12_1.pdf","六级真题/2020.12/真题PDF/cet6_2020_12_1.pdf","https://www.cettong.cn/library/cet6/2020_12_1","https://www.cettong.cn/library/cet6/2020_12_1/test.pdf","2154706","99ef52d7d94e95676768d265654e055bcaf33767fe92bcd0f05701f6b5939c85","","verified"
"六级","2020.12","1","答案解析","cet6_2020_12_1_答案解析.pdf","六级真题/2020.12/答案解析/cet6_2020_12_1_答案解析.pdf","https://www.cettong.cn/library/cet6/2020_12_1","https://www.cettong.cn/library/cet6/2020_12_1/answer.pdf","4051857","7b6603b90f820fbb90ce20b8d7f5edd8f16cec0eb8d2ccc767a0d62f5d72895f","","verified"
"六级","2020.12","1","听力","cet6_2020_12_1.m4a","六级真题/2020.12/听力音频/cet6_2020_12_1.m4a","https://www.cettong.cn/library/cet6/2020_12_1","https://www.cettong.cn/library/cet6/2020_12_1/listening.mp3","4541798","a85a14f81cec04910d0efa46f13a3a48f679429588b11fb7bdfa05abbfbb9027","1542.46","verified"
"六级","2020.12","2","真题","cet6_2020_12_2.pdf","六级真题/2020.12/真题PDF/cet6_2020_12_2.pdf","https://www.cettong.cn/library/cet6/2020_12_2","https://www.cettong.cn/library/cet6/2020_12_2/test.pdf","2199476","60f42b0bb2dfd498dc32c8b409b8e7b4f686543825b48a8142f9f9674507b118","","verified"
"六级","2020.12","2","答案解析","cet6_2020_12_2_答案解析.pdf","六级真题/2020.12/答案解析/cet6_2020_12_2_答案解析.pdf","https://www.cettong.cn/library/cet6/2020_12_2","https://www.cettong.cn/library/cet6/2020_12_2/answer.pdf","4124016","c0e68b7ceb6d1d910fc57fa241e457b1eda03787483dcf5fb161ca2206332660","","verified"
"六级","2020.12","2","听力","cet6_2020_12_2.m4a","六级真题/2020.12/听力音频/cet6_2020_12_2.m4a","https://www.cettong.cn/library/cet6/2020_12_2","https://www.cettong.cn/library/cet6/2020_12_2/listening.mp3","4703863","cf2f30ada0c1009f1143522c1f1846a7d240512f47c2f11cdcc59a3289bf2c96","1597.44","verified"
"六级","2020.12","3","真题","cet6_2020_12_3.pdf","六级真题/2020.12/真题PDF/cet6_2020_12_3.pdf","https://www.cettong.cn/library/cet6/2020_12_3","https://www.cettong.cn/library/cet6/2020_12_3/test.pdf","1701480","f00fbbd4f10a2dab79deeb8ec64cda8f04f350ff0a9865ae2ac6b09cbeb2b0d7","","verified"
"六级","2020.12","3","答案解析","cet6_2020_12_3_答案解析.pdf","六级真题/2020.12/答案解析/cet6_2020_12_3_答案解析.pdf","https://www.cettong.cn/library/cet6/2020_12_3","https://www.cettong.cn/library/cet6/2020_12_3/answer.pdf","2940996","fb1658fb2fd03aa0c2688c8696c185a0b981a0ffd2c323b0d2d01f2601773091","","verified"
"六级","2020.09","1","真题","cet6_2020_09_1.pdf","六级真题/2020.09/真题PDF/cet6_2020_09_1.pdf","https://www.cettong.cn/library/cet6/2020_09_1","https://www.cettong.cn/library/cet6/2020_09_1/test.pdf","441981","9b0e9995398fff2fbdd4da3e43af2677208f9e3c268d6bf0bc5d4a45b209868e","","verified"
"六级","2020.09","1","答案解析","cet6_2020_09_1_答案解析.pdf","六级真题/2020.09/答案解析/cet6_2020_09_1_答案解析.pdf","https://www.cettong.cn/library/cet6/2020_09_1","https://www.cettong.cn/library/cet6/2020_09_1/answer.pdf","2818275","8f294956a163f3c7574e2ecaa9345b796e383e60b0e97d2585ccbafc97c89e60","","verified"
"六级","2020.09","1","听力","cet6_2020_09_1.m4a","六级真题/2020.09/听力音频/cet6_2020_09_1.m4a","https://www.cettong.cn/library/cet6/2020_09_1","https://www.cettong.cn/library/cet6/2020_09_1/listening.mp3","4635324","13cbeaaae9aa77d4679f56a22ea6357d72de91cdd1948909f54e09f59984f161","1574.17","verified"
"六级","2020.09","2","真题","cet6_2020_09_2.pdf","六级真题/2020.09/真题PDF/cet6_2020_09_2.pdf","https://www.cettong.cn/library/cet6/2020_09_2","https://www.cettong.cn/library/cet6/2020_09_2/test.pdf","479408","53695a81d184bf81fd9724300c59b98d1f787f09ce3eb86a5d0e792305ede82a","","verified"
"六级","2020.09","2","答案解析","cet6_2020_09_2_答案解析.pdf","六级真题/2020.09/答案解析/cet6_2020_09_2_答案解析.pdf","https://www.cettong.cn/library/cet6/2020_09_2","https://www.cettong.cn/library/cet6/2020_09_2/answer.pdf","2146908","122363aee09a07f3aaeb23f8d85b48d34ba3f6cff28d833baf99036417893f75","","verified"
"六级","2020.09","3","真题","cet6_2020_09_3.pdf","六级真题/2020.09/真题PDF/cet6_2020_09_3.pdf","https://www.cettong.cn/library/cet6/2020_09_3","https://www.cettong.cn/library/cet6/2020_09_3/test.pdf","458971","f00458ac98ad86255558872bd6ef71b31b862528ab7912193174c685ea33721f","","verified"
"六级","2020.07","1","真题","cet6_2020_07_1.pdf","六级真题/2020.07/真题PDF/cet6_2020_07_1.pdf","https://www.cettong.cn/library/cet6/2020_07_1","https://www.cettong.cn/library/cet6/2020_07_1/test.pdf","271237","33747f90861882a440cd761db7f6dc4b4801a4f5fc96d052c8bb63fbcbe3b75a","","verified"
"六级","2019.12","1","真题","cet6_2019_12_1.pdf","六级真题/2019.12/真题PDF/cet6_2019_12_1.pdf","https://www.cettong.cn/library/cet6/2019_12_1","https://www.cettong.cn/library/cet6/2019_12_1/test.pdf","2110838","2d680811cfccc90302dd52945a19b3047f98be2fea4e8e5f0506da9d5109cbc1","","verified"
"六级","2019.12","1","答案解析","cet6_2019_12_1_答案解析.pdf","六级真题/2019.12/答案解析/cet6_2019_12_1_答案解析.pdf","https://www.cettong.cn/library/cet6/2019_12_1","https://www.cettong.cn/library/cet6/2019_12_1/answer.pdf","6002969","6aedac6f3278eecb80a91a0bab38e28d03cd019123ec62371b34c9aed776b90e","","verified"
"六级","2019.12","2","真题","cet6_2019_12_2.pdf","六级真题/2019.12/真题PDF/cet6_2019_12_2.pdf","https://www.cettong.cn/library/cet6/2019_12_2","https://www.cettong.cn/library/cet6/2019_12_2/test.pdf","2049439","7033450232d3b7655321d6146fb5f7815bef343bec6cf2c1deb8c21d4524bf68","","verified"
"六级","2019.12","2","答案解析","cet6_2019_12_2_答案解析.pdf","六级真题/2019.12/答案解析/cet6_2019_12_2_答案解析.pdf","https://www.cettong.cn/library/cet6/2019_12_2","https://www.cettong.cn/library/cet6/2019_12_2/answer.pdf","6110836","d20ad8a12223feb2157ef0e5236d975c932adcc7ca05fa3d76ec669ab8f8e51f","","verified"
"六级","2019.12","3","真题","cet6_2019_12_3.pdf","六级真题/2019.12/真题PDF/cet6_2019_12_3.pdf","https://www.cettong.cn/library/cet6/2019_12_3","https://www.cettong.cn/library/cet6/2019_12_3/test.pdf","1565430","34cb897c6089d33a2a78f34170cf8b31acc98866e4ace119db4e244e804b3355","","verified"
"六级","2019.12","3","答案解析","cet6_2019_12_3_答案解析.pdf","六级真题/2019.12/答案解析/cet6_2019_12_3_答案解析.pdf","https://www.cettong.cn/library/cet6/2019_12_3","https://www.cettong.cn/library/cet6/2019_12_3/answer.pdf","2963264","4937c15362e6c0065e7e8ce4d7c0a674fecf74507bc1b5aa6a5a85307cdb3f29","","verified"
"六级","2019.06","1","真题","cet6_2019_06_1.pdf","六级真题/2019.06/真题PDF/cet6_2019_06_1.pdf","https://www.cettong.cn/library/cet6/2019_06_1","https://www.cettong.cn/library/cet6/2019_06_1/test.pdf","2074705","8722b40e99ef908513e3317e6b40e3e04dfc53fad90a12262e9f2716dd19b6f7","","verified"
"六级","2019.06","1","答案解析","cet6_2019_06_1_答案解析.pdf","六级真题/2019.06/答案解析/cet6_2019_06_1_答案解析.pdf","https://www.cettong.cn/library/cet6/2019_06_1","https://www.cettong.cn/library/cet6/2019_06_1/answer.pdf","5831134","c8be81bd1f993af16b153ff56529b0cd3454236617c68ab63271f95ff80d623a","","verified"
"六级","2019.06","2","真题","cet6_2019_06_2.pdf","六级真题/2019.06/真题PDF/cet6_2019_06_2.pdf","https://www.cettong.cn/library/cet6/2019_06_2","https://www.cettong.cn/library/cet6/2019_06_2/test.pdf","2048710","b80416a3d80f1be527bca72fa2f444efa4cb7d7448051accb6a6e1f0a38f44e0","","verified"
"六级","2019.06","2","答案解析","cet6_2019_06_2_答案解析.pdf","六级真题/2019.06/答案解析/cet6_2019_06_2_答案解析.pdf","https://www.cettong.cn/library/cet6/2019_06_2","https://www.cettong.cn/library/cet6/2019_06_2/answer.pdf","5879383","860829fd4fef27ebe51b683e224126acaac6f324ca3970aaef68e96f4777a578","","verified"
"六级","2019.06","3","真题","cet6_2019_06_3.pdf","六级真题/2019.06/真题PDF/cet6_2019_06_3.pdf","https://www.cettong.cn/library/cet6/2019_06_3","https://www.cettong.cn/library/cet6/2019_06_3/test.pdf","1621241","008e44c0c3e619d2f1dcf26b57559e0fae1e93b4ce336849a53d76401a414fe4","","verified"
"六级","2019.06","3","答案解析","cet6_2019_06_3_答案解析.pdf","六级真题/2019.06/答案解析/cet6_2019_06_3_答案解析.pdf","https://www.cettong.cn/library/cet6/2019_06_3","https://www.cettong.cn/library/cet6/2019_06_3/answer.pdf","2726270","6019a6a512dd0d08fc5df4919d85600fd127d303f8fc2abd50f0f86078edf3ba","","verified"
"六级","2016.06","1","真题","2016.06六级第1套真题【可复制可搜索，打印首选】.pdf","六级真题/2016.06/真题PDF/2016.06六级第1套真题【可复制可搜索，打印首选】.pdf","https://github.com/0609x/CET46-Resources/blob/main/%E5%85%AD%E7%BA%A7%E7%9C%9F%E9%A2%98/2016.06/%E7%9C%9F%E9%A2%98PDF/2016.06%E5%85%AD%E7%BA%A7%E7%AC%AC1%E5%A5%97%E7%9C%9F%E9%A2%98%E3%80%90%E5%8F%AF%E5%A4%8D%E5%88%B6%E5%8F%AF%E6%90%9C%E7%B4%A2%EF%BC%8C%E6%89%93%E5%8D%B0%E9%A6%96%E9%80%89%E3%80%91.pdf","https://cdn.jsdelivr.net/gh/0609x/CET46-Resources@main/%E5%85%AD%E7%BA%A7%E7%9C%9F%E9%A2%98/2016.06/%E7%9C%9F%E9%A2%98PDF/2016.06%E5%85%AD%E7%BA%A7%E7%AC%AC1%E5%A5%97%E7%9C%9F%E9%A2%98%E3%80%90%E5%8F%AF%E5%A4%8D%E5%88%B6%E5%8F%AF%E6%90%9C%E7%B4%A2%EF%BC%8C%E6%89%93%E5%8D%B0%E9%A6%96%E9%80%89%E3%80%91.pdf","8605503","50006a8fe79f2a7c5d2adbbd19d49dc299d7e93bed02b0994f85e97b530f27af","","verified"
"六级","2016.06","2","真题","2016.06六级第2套真题【可复制可搜索，打印首选】.pdf","六级真题/2016.06/真题PDF/2016.06六级第2套真题【可复制可搜索，打印首选】.pdf","https://github.com/0609x/CET46-Resources/blob/main/%E5%85%AD%E7%BA%A7%E7%9C%9F%E9%A2%98/2016.06/%E7%9C%9F%E9%A2%98PDF/2016.06%E5%85%AD%E7%BA%A7%E7%AC%AC2%E5%A5%97%E7%9C%9F%E9%A2%98%E3%80%90%E5%8F%AF%E5%A4%8D%E5%88%B6%E5%8F%AF%E6%90%9C%E7%B4%A2%EF%BC%8C%E6%89%93%E5%8D%B0%E9%A6%96%E9%80%89%E3%80%91.pdf","https://cdn.jsdelivr.net/gh/0609x/CET46-Resources@main/%E5%85%AD%E7%BA%A7%E7%9C%9F%E9%A2%98/2016.06/%E7%9C%9F%E9%A2%98PDF/2016.06%E5%85%AD%E7%BA%A7%E7%AC%AC2%E5%A5%97%E7%9C%9F%E9%A2%98%E3%80%90%E5%8F%AF%E5%A4%8D%E5%88%B6%E5%8F%AF%E6%90%9C%E7%B4%A2%EF%BC%8C%E6%89%93%E5%8D%B0%E9%A6%96%E9%80%89%E3%80%91.pdf","2224226","f8144bb024af167abe58966762aa3bec341ad34e36c408bb30e5a27e9a5882cc","","verified"
"六级","2016.06","3","真题","2016.06六级第3套真题【可复制可搜索，打印首选】.pdf","六级真题/2016.06/真题PDF/2016.06六级第3套真题【可复制可搜索，打印首选】.pdf","https://github.com/0609x/CET46-Resources/blob/main/%E5%85%AD%E7%BA%A7%E7%9C%9F%E9%A2%98/2016.06/%E7%9C%9F%E9%A2%98PDF/2016.06%E5%85%AD%E7%BA%A7%E7%AC%AC3%E5%A5%97%E7%9C%9F%E9%A2%98%E3%80%90%E5%8F%AF%E5%A4%8D%E5%88%B6%E5%8F%AF%E6%90%9C%E7%B4%A2%EF%BC%8C%E6%89%93%E5%8D%B0%E9%A6%96%E9%80%89%E3%80%91.pdf","https://cdn.jsdelivr.net/gh/0609x/CET46-Resources@main/%E5%85%AD%E7%BA%A7%E7%9C%9F%E9%A2%98/2016.06/%E7%9C%9F%E9%A2%98PDF/2016.06%E5%85%AD%E7%BA%A7%E7%AC%AC3%E5%A5%97%E7%9C%9F%E9%A2%98%E3%80%90%E5%8F%AF%E5%A4%8D%E5%88%B6%E5%8F%AF%E6%90%9C%E7%B4%A2%EF%BC%8C%E6%89%93%E5%8D%B0%E9%A6%96%E9%80%89%E3%80%91.pdf","1970198","7a42e4114d8225d238b1a8bbbfd693ff83574767267ef285d9011f42fa731556","","verified"
"六级","2016.06","1","答案解析","2016.06英语六级考试第1套解析.pdf","六级真题/2016.06/答案解析/2016.06英语六级考试第1套解析.pdf","https://github.com/0609x/CET46-Resources/blob/main/%E5%85%AD%E7%BA%A7%E7%9C%9F%E9%A2%98/2016.06/%E7%AD%94%E6%A1%88%E8%A7%A3%E6%9E%90/2016.06%E8%8B%B1%E8%AF%AD%E5%85%AD%E7%BA%A7%E8%80%83%E8%AF%95%E7%AC%AC1%E5%A5%97%E8%A7%A3%E6%9E%90.pdf","https://cdn.jsdelivr.net/gh/0609x/CET46-Resources@main/%E5%85%AD%E7%BA%A7%E7%9C%9F%E9%A2%98/2016.06/%E7%AD%94%E6%A1%88%E8%A7%A3%E6%9E%90/2016.06%E8%8B%B1%E8%AF%AD%E5%85%AD%E7%BA%A7%E8%80%83%E8%AF%95%E7%AC%AC1%E5%A5%97%E8%A7%A3%E6%9E%90.pdf","9250772","0b80b05378d2ed68ec4c4fa212786d3016525fb02a69bd290bf52b117f3873d8","","verified"
"六级","2016.06","2","答案解析","2016.06英语六级考试第2套解析.pdf","六级真题/2016.06/答案解析/2016.06英语六级考试第2套解析.pdf","https://github.com/0609x/CET46-Resources/blob/main/%E5%85%AD%E7%BA%A7%E7%9C%9F%E9%A2%98/2016.06/%E7%AD%94%E6%A1%88%E8%A7%A3%E6%9E%90/2016.06%E8%8B%B1%E8%AF%AD%E5%85%AD%E7%BA%A7%E8%80%83%E8%AF%95%E7%AC%AC2%E5%A5%97%E8%A7%A3%E6%9E%90.pdf","https://cdn.jsdelivr.net/gh/0609x/CET46-Resources@main/%E5%85%AD%E7%BA%A7%E7%9C%9F%E9%A2%98/2016.06/%E7%AD%94%E6%A1%88%E8%A7%A3%E6%9E%90/2016.06%E8%8B%B1%E8%AF%AD%E5%85%AD%E7%BA%A7%E8%80%83%E8%AF%95%E7%AC%AC2%E5%A5%97%E8%A7%A3%E6%9E%90.pdf","8856436","cfff9b75dba6745ecacf18b466f6cdf8d8d26ec92778287642c397d12f8e34d4","","verified"
"六级","2016.06","3","答案解析","2016.06英语六级考试第3套解析.pdf","六级真题/2016.06/答案解析/2016.06英语六级考试第3套解析.pdf","https://github.com/0609x/CET46-Resources/blob/main/%E5%85%AD%E7%BA%A7%E7%9C%9F%E9%A2%98/2016.06/%E7%AD%94%E6%A1%88%E8%A7%A3%E6%9E%90/2016.06%E8%8B%B1%E8%AF%AD%E5%85%AD%E7%BA%A7%E8%80%83%E8%AF%95%E7%AC%AC3%E5%A5%97%E8%A7%A3%E6%9E%90.pdf","https://cdn.jsdelivr.net/gh/0609x/CET46-Resources@main/%E5%85%AD%E7%BA%A7%E7%9C%9F%E9%A2%98/2016.06/%E7%AD%94%E6%A1%88%E8%A7%A3%E6%9E%90/2016.06%E8%8B%B1%E8%AF%AD%E5%85%AD%E7%BA%A7%E8%80%83%E8%AF%95%E7%AC%AC3%E5%A5%97%E8%A7%A3%E6%9E%90.pdf","4515755","32ff8ca147412a606ae4e27b0bd28870ff6f6bd5b9807b1221cd1f6424fc3c1f","","verified"
"六级","2016.12","1","真题","2016.12六级第1套试题【可复制可搜索，打印首选】.pdf","六级真题/2016.12/真题PDF/2016.12六级第1套试题【可复制可搜索，打印首选】.pdf","https://github.com/0609x/CET46-Resources/blob/main/%E5%85%AD%E7%BA%A7%E7%9C%9F%E9%A2%98/2016.12/%E7%9C%9F%E9%A2%98PDF/2016.12%E5%85%AD%E7%BA%A7%E7%AC%AC1%E5%A5%97%E8%AF%95%E9%A2%98%E3%80%90%E5%8F%AF%E5%A4%8D%E5%88%B6%E5%8F%AF%E6%90%9C%E7%B4%A2%EF%BC%8C%E6%89%93%E5%8D%B0%E9%A6%96%E9%80%89%E3%80%91.pdf","https://cdn.jsdelivr.net/gh/0609x/CET46-Resources@main/%E5%85%AD%E7%BA%A7%E7%9C%9F%E9%A2%98/2016.12/%E7%9C%9F%E9%A2%98PDF/2016.12%E5%85%AD%E7%BA%A7%E7%AC%AC1%E5%A5%97%E8%AF%95%E9%A2%98%E3%80%90%E5%8F%AF%E5%A4%8D%E5%88%B6%E5%8F%AF%E6%90%9C%E7%B4%A2%EF%BC%8C%E6%89%93%E5%8D%B0%E9%A6%96%E9%80%89%E3%80%91.pdf","7911955","3248f5bef6ab021972f21f47d1632fdc316ae4ded36a4f945c084222b7623185","","verified"
"六级","2016.12","2","真题","2016.12六级第2套试题【可复制可搜索，打印首选】.pdf","六级真题/2016.12/真题PDF/2016.12六级第2套试题【可复制可搜索，打印首选】.pdf","https://github.com/0609x/CET46-Resources/blob/main/%E5%85%AD%E7%BA%A7%E7%9C%9F%E9%A2%98/2016.12/%E7%9C%9F%E9%A2%98PDF/2016.12%E5%85%AD%E7%BA%A7%E7%AC%AC2%E5%A5%97%E8%AF%95%E9%A2%98%E3%80%90%E5%8F%AF%E5%A4%8D%E5%88%B6%E5%8F%AF%E6%90%9C%E7%B4%A2%EF%BC%8C%E6%89%93%E5%8D%B0%E9%A6%96%E9%80%89%E3%80%91.pdf","https://cdn.jsdelivr.net/gh/0609x/CET46-Resources@main/%E5%85%AD%E7%BA%A7%E7%9C%9F%E9%A2%98/2016.12/%E7%9C%9F%E9%A2%98PDF/2016.12%E5%85%AD%E7%BA%A7%E7%AC%AC2%E5%A5%97%E8%AF%95%E9%A2%98%E3%80%90%E5%8F%AF%E5%A4%8D%E5%88%B6%E5%8F%AF%E6%90%9C%E7%B4%A2%EF%BC%8C%E6%89%93%E5%8D%B0%E9%A6%96%E9%80%89%E3%80%91.pdf","8010233","bc8a8b3d8f76fb994221e16d75c205874847f7d277f0b85f48dd4da499512cce","","verified"
"六级","2016.12","3","真题","2016.12六级第3套试题【可复制可搜索，打印首选】.pdf","六级真题/2016.12/真题PDF/2016.12六级第3套试题【可复制可搜索，打印首选】.pdf","https://github.com/0609x/CET46-Resources/blob/main/%E5%85%AD%E7%BA%A7%E7%9C%9F%E9%A2%98/2016.12/%E7%9C%9F%E9%A2%98PDF/2016.12%E5%85%AD%E7%BA%A7%E7%AC%AC3%E5%A5%97%E8%AF%95%E9%A2%98%E3%80%90%E5%8F%AF%E5%A4%8D%E5%88%B6%E5%8F%AF%E6%90%9C%E7%B4%A2%EF%BC%8C%E6%89%93%E5%8D%B0%E9%A6%96%E9%80%89%E3%80%91.pdf","https://cdn.jsdelivr.net/gh/0609x/CET46-Resources@main/%E5%85%AD%E7%BA%A7%E7%9C%9F%E9%A2%98/2016.12/%E7%9C%9F%E9%A2%98PDF/2016.12%E5%85%AD%E7%BA%A7%E7%AC%AC3%E5%A5%97%E8%AF%95%E9%A2%98%E3%80%90%E5%8F%AF%E5%A4%8D%E5%88%B6%E5%8F%AF%E6%90%9C%E7%B4%A2%EF%BC%8C%E6%89%93%E5%8D%B0%E9%A6%96%E9%80%89%E3%80%91.pdf","6326687","1f74998a765db10beee7c2c7e83ec5f3850b7c891b8badcedd3077444e81b50a","","verified"
"六级","2016.12","1","答案解析","2016年12月六级（第1套）答案及解析.pdf","六级真题/2016.12/答案解析/2016年12月六级（第1套）答案及解析.pdf","https://github.com/0609x/CET46-Resources/blob/main/%E5%85%AD%E7%BA%A7%E7%9C%9F%E9%A2%98/2016.12/%E7%AD%94%E6%A1%88%E8%A7%A3%E6%9E%90/2016%E5%B9%B412%E6%9C%88%E5%85%AD%E7%BA%A7%EF%BC%88%E7%AC%AC1%E5%A5%97%EF%BC%89%E7%AD%94%E6%A1%88%E5%8F%8A%E8%A7%A3%E6%9E%90.pdf","https://cdn.jsdelivr.net/gh/0609x/CET46-Resources@main/%E5%85%AD%E7%BA%A7%E7%9C%9F%E9%A2%98/2016.12/%E7%AD%94%E6%A1%88%E8%A7%A3%E6%9E%90/2016%E5%B9%B412%E6%9C%88%E5%85%AD%E7%BA%A7%EF%BC%88%E7%AC%AC1%E5%A5%97%EF%BC%89%E7%AD%94%E6%A1%88%E5%8F%8A%E8%A7%A3%E6%9E%90.pdf","2278265","6186b8c6350873133a54b643ed7c05b937cb3f877d72ffd9bf73cc93a40a631b","","verified"
"六级","2016.12","2","答案解析","2016年12月六级（第2套）答案及解析.pdf","六级真题/2016.12/答案解析/2016年12月六级（第2套）答案及解析.pdf","https://github.com/0609x/CET46-Resources/blob/main/%E5%85%AD%E7%BA%A7%E7%9C%9F%E9%A2%98/2016.12/%E7%AD%94%E6%A1%88%E8%A7%A3%E6%9E%90/2016%E5%B9%B412%E6%9C%88%E5%85%AD%E7%BA%A7%EF%BC%88%E7%AC%AC2%E5%A5%97%EF%BC%89%E7%AD%94%E6%A1%88%E5%8F%8A%E8%A7%A3%E6%9E%90.pdf","https://cdn.jsdelivr.net/gh/0609x/CET46-Resources@main/%E5%85%AD%E7%BA%A7%E7%9C%9F%E9%A2%98/2016.12/%E7%AD%94%E6%A1%88%E8%A7%A3%E6%9E%90/2016%E5%B9%B412%E6%9C%88%E5%85%AD%E7%BA%A7%EF%BC%88%E7%AC%AC2%E5%A5%97%EF%BC%89%E7%AD%94%E6%A1%88%E5%8F%8A%E8%A7%A3%E6%9E%90.pdf","3857830","b1ef0c9d6332d36f6c4f98bc994a370fb239db8fa06403f46728f6fe5e93c305","","verified"
"六级","2016.12","3","答案解析","2016年12月六级（第3套）答案及解析 .pdf","六级真题/2016.12/答案解析/2016年12月六级（第3套）答案及解析 .pdf","https://github.com/0609x/CET46-Resources/blob/main/%E5%85%AD%E7%BA%A7%E7%9C%9F%E9%A2%98/2016.12/%E7%AD%94%E6%A1%88%E8%A7%A3%E6%9E%90/2016%E5%B9%B412%E6%9C%88%E5%85%AD%E7%BA%A7%EF%BC%88%E7%AC%AC3%E5%A5%97%EF%BC%89%E7%AD%94%E6%A1%88%E5%8F%8A%E8%A7%A3%E6%9E%90%20.pdf","https://cdn.jsdelivr.net/gh/0609x/CET46-Resources@main/%E5%85%AD%E7%BA%A7%E7%9C%9F%E9%A2%98/2016.12/%E7%AD%94%E6%A1%88%E8%A7%A3%E6%9E%90/2016%E5%B9%B412%E6%9C%88%E5%85%AD%E7%BA%A7%EF%BC%88%E7%AC%AC3%E5%A5%97%EF%BC%89%E7%AD%94%E6%A1%88%E5%8F%8A%E8%A7%A3%E6%9E%90%20.pdf","2392832","08aa76b0c5a24fc5b0cd28c513bee5b9e45c2094fa4272889e652b3e246ca43e","","verified"
"六级","2017.06","1","真题","2017.06六级真题第1套【可复制可搜索，打印首选】.pdf","六级真题/2017.06/真题PDF/2017.06六级真题第1套【可复制可搜索，打印首选】.pdf","https://github.com/0609x/CET46-Resources/blob/main/%E5%85%AD%E7%BA%A7%E7%9C%9F%E9%A2%98/2017.06/%E7%9C%9F%E9%A2%98PDF/2017.06%E5%85%AD%E7%BA%A7%E7%9C%9F%E9%A2%98%E7%AC%AC1%E5%A5%97%E3%80%90%E5%8F%AF%E5%A4%8D%E5%88%B6%E5%8F%AF%E6%90%9C%E7%B4%A2%EF%BC%8C%E6%89%93%E5%8D%B0%E9%A6%96%E9%80%89%E3%80%91.pdf","https://cdn.jsdelivr.net/gh/0609x/CET46-Resources@main/%E5%85%AD%E7%BA%A7%E7%9C%9F%E9%A2%98/2017.06/%E7%9C%9F%E9%A2%98PDF/2017.06%E5%85%AD%E7%BA%A7%E7%9C%9F%E9%A2%98%E7%AC%AC1%E5%A5%97%E3%80%90%E5%8F%AF%E5%A4%8D%E5%88%B6%E5%8F%AF%E6%90%9C%E7%B4%A2%EF%BC%8C%E6%89%93%E5%8D%B0%E9%A6%96%E9%80%89%E3%80%91.pdf","3749619","1598efa2026437a8519ef9025eb2cb788cbdb69fc5ae7e9580c860a3aebdf6d2","","verified"
"六级","2017.06","2","真题","2017.06六级真题第2套【可复制可搜索，打印首选】.pdf","六级真题/2017.06/真题PDF/2017.06六级真题第2套【可复制可搜索，打印首选】.pdf","https://github.com/0609x/CET46-Resources/blob/main/%E5%85%AD%E7%BA%A7%E7%9C%9F%E9%A2%98/2017.06/%E7%9C%9F%E9%A2%98PDF/2017.06%E5%85%AD%E7%BA%A7%E7%9C%9F%E9%A2%98%E7%AC%AC2%E5%A5%97%E3%80%90%E5%8F%AF%E5%A4%8D%E5%88%B6%E5%8F%AF%E6%90%9C%E7%B4%A2%EF%BC%8C%E6%89%93%E5%8D%B0%E9%A6%96%E9%80%89%E3%80%91.pdf","https://cdn.jsdelivr.net/gh/0609x/CET46-Resources@main/%E5%85%AD%E7%BA%A7%E7%9C%9F%E9%A2%98/2017.06/%E7%9C%9F%E9%A2%98PDF/2017.06%E5%85%AD%E7%BA%A7%E7%9C%9F%E9%A2%98%E7%AC%AC2%E5%A5%97%E3%80%90%E5%8F%AF%E5%A4%8D%E5%88%B6%E5%8F%AF%E6%90%9C%E7%B4%A2%EF%BC%8C%E6%89%93%E5%8D%B0%E9%A6%96%E9%80%89%E3%80%91.pdf","3283348","f3bbfe79e9beb8a783a85136d73cb2ef4b85505281de18fef7542b1d3a071ad5","","verified"
"六级","2017.06","3","真题","2017.06六级真题第3套【可复制可搜索，打印首选】.pdf","六级真题/2017.06/真题PDF/2017.06六级真题第3套【可复制可搜索，打印首选】.pdf","https://github.com/0609x/CET46-Resources/blob/main/%E5%85%AD%E7%BA%A7%E7%9C%9F%E9%A2%98/2017.06/%E7%9C%9F%E9%A2%98PDF/2017.06%E5%85%AD%E7%BA%A7%E7%9C%9F%E9%A2%98%E7%AC%AC3%E5%A5%97%E3%80%90%E5%8F%AF%E5%A4%8D%E5%88%B6%E5%8F%AF%E6%90%9C%E7%B4%A2%EF%BC%8C%E6%89%93%E5%8D%B0%E9%A6%96%E9%80%89%E3%80%91.pdf","https://cdn.jsdelivr.net/gh/0609x/CET46-Resources@main/%E5%85%AD%E7%BA%A7%E7%9C%9F%E9%A2%98/2017.06/%E7%9C%9F%E9%A2%98PDF/2017.06%E5%85%AD%E7%BA%A7%E7%9C%9F%E9%A2%98%E7%AC%AC3%E5%A5%97%E3%80%90%E5%8F%AF%E5%A4%8D%E5%88%B6%E5%8F%AF%E6%90%9C%E7%B4%A2%EF%BC%8C%E6%89%93%E5%8D%B0%E9%A6%96%E9%80%89%E3%80%91.pdf","3265635","1c971a4edd9f5d18901f6e9f6a508f2459aaddf144073c07b4cfa1e8f342c49f","","verified"
"六级","2017.06","1","答案解析","2017.06英语六级考试第1套解析.pdf","六级真题/2017.06/答案解析/2017.06英语六级考试第1套解析.pdf","https://github.com/0609x/CET46-Resources/blob/main/%E5%85%AD%E7%BA%A7%E7%9C%9F%E9%A2%98/2017.06/%E7%AD%94%E6%A1%88%E8%A7%A3%E6%9E%90/2017.06%E8%8B%B1%E8%AF%AD%E5%85%AD%E7%BA%A7%E8%80%83%E8%AF%95%E7%AC%AC1%E5%A5%97%E8%A7%A3%E6%9E%90.pdf","https://cdn.jsdelivr.net/gh/0609x/CET46-Resources@main/%E5%85%AD%E7%BA%A7%E7%9C%9F%E9%A2%98/2017.06/%E7%AD%94%E6%A1%88%E8%A7%A3%E6%9E%90/2017.06%E8%8B%B1%E8%AF%AD%E5%85%AD%E7%BA%A7%E8%80%83%E8%AF%95%E7%AC%AC1%E5%A5%97%E8%A7%A3%E6%9E%90.pdf","4006115","7e0eb60ef0b6e11c5c3d065f467faeb938589d1f956ec4345ccee11cb63d8d80","","verified"
"六级","2017.06","2","答案解析","2017.06英语六级考试第2套解析.pdf","六级真题/2017.06/答案解析/2017.06英语六级考试第2套解析.pdf","https://github.com/0609x/CET46-Resources/blob/main/%E5%85%AD%E7%BA%A7%E7%9C%9F%E9%A2%98/2017.06/%E7%AD%94%E6%A1%88%E8%A7%A3%E6%9E%90/2017.06%E8%8B%B1%E8%AF%AD%E5%85%AD%E7%BA%A7%E8%80%83%E8%AF%95%E7%AC%AC2%E5%A5%97%E8%A7%A3%E6%9E%90.pdf","https://cdn.jsdelivr.net/gh/0609x/CET46-Resources@main/%E5%85%AD%E7%BA%A7%E7%9C%9F%E9%A2%98/2017.06/%E7%AD%94%E6%A1%88%E8%A7%A3%E6%9E%90/2017.06%E8%8B%B1%E8%AF%AD%E5%85%AD%E7%BA%A7%E8%80%83%E8%AF%95%E7%AC%AC2%E5%A5%97%E8%A7%A3%E6%9E%90.pdf","3297695","cefe31a34b93a3d84b50d3c1a2bfd7797a0e7424aedaa8b57fa029f127f3f34e","","verified"
"六级","2017.06","3","答案解析","2017.06英语六级考试第3套解析.pdf","六级真题/2017.06/答案解析/2017.06英语六级考试第3套解析.pdf","https://github.com/0609x/CET46-Resources/blob/main/%E5%85%AD%E7%BA%A7%E7%9C%9F%E9%A2%98/2017.06/%E7%AD%94%E6%A1%88%E8%A7%A3%E6%9E%90/2017.06%E8%8B%B1%E8%AF%AD%E5%85%AD%E7%BA%A7%E8%80%83%E8%AF%95%E7%AC%AC3%E5%A5%97%E8%A7%A3%E6%9E%90.pdf","https://cdn.jsdelivr.net/gh/0609x/CET46-Resources@main/%E5%85%AD%E7%BA%A7%E7%9C%9F%E9%A2%98/2017.06/%E7%AD%94%E6%A1%88%E8%A7%A3%E6%9E%90/2017.06%E8%8B%B1%E8%AF%AD%E5%85%AD%E7%BA%A7%E8%80%83%E8%AF%95%E7%AC%AC3%E5%A5%97%E8%A7%A3%E6%9E%90.pdf","3529935","f11fe92c6f40b1d88037adc29ac6e490f6219b2236f07c43f8c2f7dc2e10d3b1","","verified"
"六级","2017.12","1","真题","2017.12六级真题第1套【可复制可搜索，打印首选】.pdf","六级真题/2017.12/真题PDF/2017.12六级真题第1套【可复制可搜索，打印首选】.pdf","https://github.com/0609x/CET46-Resources/blob/main/%E5%85%AD%E7%BA%A7%E7%9C%9F%E9%A2%98/2017.12/%E7%9C%9F%E9%A2%98PDF/2017.12%E5%85%AD%E7%BA%A7%E7%9C%9F%E9%A2%98%E7%AC%AC1%E5%A5%97%E3%80%90%E5%8F%AF%E5%A4%8D%E5%88%B6%E5%8F%AF%E6%90%9C%E7%B4%A2%EF%BC%8C%E6%89%93%E5%8D%B0%E9%A6%96%E9%80%89%E3%80%91.pdf","https://cdn.jsdelivr.net/gh/0609x/CET46-Resources@main/%E5%85%AD%E7%BA%A7%E7%9C%9F%E9%A2%98/2017.12/%E7%9C%9F%E9%A2%98PDF/2017.12%E5%85%AD%E7%BA%A7%E7%9C%9F%E9%A2%98%E7%AC%AC1%E5%A5%97%E3%80%90%E5%8F%AF%E5%A4%8D%E5%88%B6%E5%8F%AF%E6%90%9C%E7%B4%A2%EF%BC%8C%E6%89%93%E5%8D%B0%E9%A6%96%E9%80%89%E3%80%91.pdf","4083937","9666d4d0ce456fab108ab139ff188a6bc7f657f27d5458f7a6406dde8c83d36a","","verified"
"六级","2017.12","2","真题","2017.12六级真题第2套【可复制可搜索，打印首选】.pdf","六级真题/2017.12/真题PDF/2017.12六级真题第2套【可复制可搜索，打印首选】.pdf","https://github.com/0609x/CET46-Resources/blob/main/%E5%85%AD%E7%BA%A7%E7%9C%9F%E9%A2%98/2017.12/%E7%9C%9F%E9%A2%98PDF/2017.12%E5%85%AD%E7%BA%A7%E7%9C%9F%E9%A2%98%E7%AC%AC2%E5%A5%97%E3%80%90%E5%8F%AF%E5%A4%8D%E5%88%B6%E5%8F%AF%E6%90%9C%E7%B4%A2%EF%BC%8C%E6%89%93%E5%8D%B0%E9%A6%96%E9%80%89%E3%80%91.pdf","https://cdn.jsdelivr.net/gh/0609x/CET46-Resources@main/%E5%85%AD%E7%BA%A7%E7%9C%9F%E9%A2%98/2017.12/%E7%9C%9F%E9%A2%98PDF/2017.12%E5%85%AD%E7%BA%A7%E7%9C%9F%E9%A2%98%E7%AC%AC2%E5%A5%97%E3%80%90%E5%8F%AF%E5%A4%8D%E5%88%B6%E5%8F%AF%E6%90%9C%E7%B4%A2%EF%BC%8C%E6%89%93%E5%8D%B0%E9%A6%96%E9%80%89%E3%80%91.pdf","3950614","80a1cc425223786f90a5792bf380d951a8f065a90e8566af7a27f9141be8fd57","","verified"
"六级","2017.12","3","真题","2017.12六级真题第3套【可复制可搜索，打印首选】.pdf","六级真题/2017.12/真题PDF/2017.12六级真题第3套【可复制可搜索，打印首选】.pdf","https://github.com/0609x/CET46-Resources/blob/main/%E5%85%AD%E7%BA%A7%E7%9C%9F%E9%A2%98/2017.12/%E7%9C%9F%E9%A2%98PDF/2017.12%E5%85%AD%E7%BA%A7%E7%9C%9F%E9%A2%98%E7%AC%AC3%E5%A5%97%E3%80%90%E5%8F%AF%E5%A4%8D%E5%88%B6%E5%8F%AF%E6%90%9C%E7%B4%A2%EF%BC%8C%E6%89%93%E5%8D%B0%E9%A6%96%E9%80%89%E3%80%91.pdf","https://cdn.jsdelivr.net/gh/0609x/CET46-Resources@main/%E5%85%AD%E7%BA%A7%E7%9C%9F%E9%A2%98/2017.12/%E7%9C%9F%E9%A2%98PDF/2017.12%E5%85%AD%E7%BA%A7%E7%9C%9F%E9%A2%98%E7%AC%AC3%E5%A5%97%E3%80%90%E5%8F%AF%E5%A4%8D%E5%88%B6%E5%8F%AF%E6%90%9C%E7%B4%A2%EF%BC%8C%E6%89%93%E5%8D%B0%E9%A6%96%E9%80%89%E3%80%91.pdf","902919","9bebf2d75530bc366195f34adfa1114aa315275db261eb7651621d74449d70bf","","verified"
"六级","2017.12","1","答案解析","2017.12英语六级考试第1套解析.pdf","六级真题/2017.12/答案解析/2017.12英语六级考试第1套解析.pdf","https://github.com/0609x/CET46-Resources/blob/main/%E5%85%AD%E7%BA%A7%E7%9C%9F%E9%A2%98/2017.12/%E7%AD%94%E6%A1%88%E8%A7%A3%E6%9E%90/2017.12%E8%8B%B1%E8%AF%AD%E5%85%AD%E7%BA%A7%E8%80%83%E8%AF%95%E7%AC%AC1%E5%A5%97%E8%A7%A3%E6%9E%90.pdf","https://cdn.jsdelivr.net/gh/0609x/CET46-Resources@main/%E5%85%AD%E7%BA%A7%E7%9C%9F%E9%A2%98/2017.12/%E7%AD%94%E6%A1%88%E8%A7%A3%E6%9E%90/2017.12%E8%8B%B1%E8%AF%AD%E5%85%AD%E7%BA%A7%E8%80%83%E8%AF%95%E7%AC%AC1%E5%A5%97%E8%A7%A3%E6%9E%90.pdf","4572383","535bc029d1399fb3ea7d238ebffd8c36e2304a9e244fe79483293f87137067ca","","verified"
"六级","2017.12","2","答案解析","2017.12英语六级考试第2套解析.pdf","六级真题/2017.12/答案解析/2017.12英语六级考试第2套解析.pdf","https://github.com/0609x/CET46-Resources/blob/main/%E5%85%AD%E7%BA%A7%E7%9C%9F%E9%A2%98/2017.12/%E7%AD%94%E6%A1%88%E8%A7%A3%E6%9E%90/2017.12%E8%8B%B1%E8%AF%AD%E5%85%AD%E7%BA%A7%E8%80%83%E8%AF%95%E7%AC%AC2%E5%A5%97%E8%A7%A3%E6%9E%90.pdf","https://cdn.jsdelivr.net/gh/0609x/CET46-Resources@main/%E5%85%AD%E7%BA%A7%E7%9C%9F%E9%A2%98/2017.12/%E7%AD%94%E6%A1%88%E8%A7%A3%E6%9E%90/2017.12%E8%8B%B1%E8%AF%AD%E5%85%AD%E7%BA%A7%E8%80%83%E8%AF%95%E7%AC%AC2%E5%A5%97%E8%A7%A3%E6%9E%90.pdf","5159657","ce8b6de2a29ece1e118961e3783d3e821c0acd894ea985db9d747360953f40db","","verified"
"六级","2017.12","3","答案解析","2017.12英语六级考试第3套解析.pdf","六级真题/2017.12/答案解析/2017.12英语六级考试第3套解析.pdf","https://github.com/0609x/CET46-Resources/blob/main/%E5%85%AD%E7%BA%A7%E7%9C%9F%E9%A2%98/2017.12/%E7%AD%94%E6%A1%88%E8%A7%A3%E6%9E%90/2017.12%E8%8B%B1%E8%AF%AD%E5%85%AD%E7%BA%A7%E8%80%83%E8%AF%95%E7%AC%AC3%E5%A5%97%E8%A7%A3%E6%9E%90.pdf","https://cdn.jsdelivr.net/gh/0609x/CET46-Resources@main/%E5%85%AD%E7%BA%A7%E7%9C%9F%E9%A2%98/2017.12/%E7%AD%94%E6%A1%88%E8%A7%A3%E6%9E%90/2017.12%E8%8B%B1%E8%AF%AD%E5%85%AD%E7%BA%A7%E8%80%83%E8%AF%95%E7%AC%AC3%E5%A5%97%E8%A7%A3%E6%9E%90.pdf","3949536","55ce62195430ed8d020219d189c4888ba36bcb8f2172f9ef3eb8a62382015875","","verified"
"六级","2018.06","1","真题","2018.06六级真题第1套.pdf","六级真题/2018.06/真题PDF/2018.06六级真题第1套.pdf","https://github.com/0609x/CET46-Resources/blob/main/%E5%85%AD%E7%BA%A7%E7%9C%9F%E9%A2%98/2018.06/%E7%9C%9F%E9%A2%98PDF/2018.06%E5%85%AD%E7%BA%A7%E7%9C%9F%E9%A2%98%E7%AC%AC1%E5%A5%97.pdf","https://cdn.jsdelivr.net/gh/0609x/CET46-Resources@main/%E5%85%AD%E7%BA%A7%E7%9C%9F%E9%A2%98/2018.06/%E7%9C%9F%E9%A2%98PDF/2018.06%E5%85%AD%E7%BA%A7%E7%9C%9F%E9%A2%98%E7%AC%AC1%E5%A5%97.pdf","326344","6a88313da1a6bb8878488c85f02f9edd91034370878118d5cc7d55b54c97eecc","","verified"
"六级","2018.06","2","真题","2018.06六级真题第2套.pdf","六级真题/2018.06/真题PDF/2018.06六级真题第2套.pdf","https://github.com/0609x/CET46-Resources/blob/main/%E5%85%AD%E7%BA%A7%E7%9C%9F%E9%A2%98/2018.06/%E7%9C%9F%E9%A2%98PDF/2018.06%E5%85%AD%E7%BA%A7%E7%9C%9F%E9%A2%98%E7%AC%AC2%E5%A5%97.pdf","https://cdn.jsdelivr.net/gh/0609x/CET46-Resources@main/%E5%85%AD%E7%BA%A7%E7%9C%9F%E9%A2%98/2018.06/%E7%9C%9F%E9%A2%98PDF/2018.06%E5%85%AD%E7%BA%A7%E7%9C%9F%E9%A2%98%E7%AC%AC2%E5%A5%97.pdf","300190","218f615b5151a7b4892cd8d7f0084546533dccfcf20f24a45c53d0912c0346a0","","verified"
"六级","2018.06","3","真题","2018.06六级真题第3套.pdf","六级真题/2018.06/真题PDF/2018.06六级真题第3套.pdf","https://github.com/0609x/CET46-Resources/blob/main/%E5%85%AD%E7%BA%A7%E7%9C%9F%E9%A2%98/2018.06/%E7%9C%9F%E9%A2%98PDF/2018.06%E5%85%AD%E7%BA%A7%E7%9C%9F%E9%A2%98%E7%AC%AC3%E5%A5%97.pdf","https://cdn.jsdelivr.net/gh/0609x/CET46-Resources@main/%E5%85%AD%E7%BA%A7%E7%9C%9F%E9%A2%98/2018.06/%E7%9C%9F%E9%A2%98PDF/2018.06%E5%85%AD%E7%BA%A7%E7%9C%9F%E9%A2%98%E7%AC%AC3%E5%A5%97.pdf","2201732","258dd0c3d0d8b95cd65aaa6baac3a767d8facb1a43307c5dfe657bbfcf6f2ed2","","verified"
"六级","2018.06","1","答案解析","2018年6月英语六级真题答案解析（卷一）.pdf","六级真题/2018.06/答案解析/2018年6月英语六级真题答案解析（卷一）.pdf","https://github.com/0609x/CET46-Resources/blob/main/%E5%85%AD%E7%BA%A7%E7%9C%9F%E9%A2%98/2018.06/%E7%AD%94%E6%A1%88%E8%A7%A3%E6%9E%90/2018%E5%B9%B46%E6%9C%88%E8%8B%B1%E8%AF%AD%E5%85%AD%E7%BA%A7%E7%9C%9F%E9%A2%98%E7%AD%94%E6%A1%88%E8%A7%A3%E6%9E%90%EF%BC%88%E5%8D%B7%E4%B8%80%EF%BC%89.pdf","https://cdn.jsdelivr.net/gh/0609x/CET46-Resources@main/%E5%85%AD%E7%BA%A7%E7%9C%9F%E9%A2%98/2018.06/%E7%AD%94%E6%A1%88%E8%A7%A3%E6%9E%90/2018%E5%B9%B46%E6%9C%88%E8%8B%B1%E8%AF%AD%E5%85%AD%E7%BA%A7%E7%9C%9F%E9%A2%98%E7%AD%94%E6%A1%88%E8%A7%A3%E6%9E%90%EF%BC%88%E5%8D%B7%E4%B8%80%EF%BC%89.pdf","601754","54d64b2ab34b6435174e0b4bc53b88bbd0be5be7673324177430e22d905a3533","","verified"
"六级","2018.06","3","答案解析","2018年6月英语六级真题答案解析（卷三）.pdf","六级真题/2018.06/答案解析/2018年6月英语六级真题答案解析（卷三）.pdf","https://github.com/0609x/CET46-Resources/blob/main/%E5%85%AD%E7%BA%A7%E7%9C%9F%E9%A2%98/2018.06/%E7%AD%94%E6%A1%88%E8%A7%A3%E6%9E%90/2018%E5%B9%B46%E6%9C%88%E8%8B%B1%E8%AF%AD%E5%85%AD%E7%BA%A7%E7%9C%9F%E9%A2%98%E7%AD%94%E6%A1%88%E8%A7%A3%E6%9E%90%EF%BC%88%E5%8D%B7%E4%B8%89%EF%BC%89.pdf","https://cdn.jsdelivr.net/gh/0609x/CET46-Resources@main/%E5%85%AD%E7%BA%A7%E7%9C%9F%E9%A2%98/2018.06/%E7%AD%94%E6%A1%88%E8%A7%A3%E6%9E%90/2018%E5%B9%B46%E6%9C%88%E8%8B%B1%E8%AF%AD%E5%85%AD%E7%BA%A7%E7%9C%9F%E9%A2%98%E7%AD%94%E6%A1%88%E8%A7%A3%E6%9E%90%EF%BC%88%E5%8D%B7%E4%B8%89%EF%BC%89.pdf","570814","63a4db1d8bc697f588f14d756c4cc25b72a017e88f39aa29eb661465b7d0c418","","verified"
"六级","2018.06","2","答案解析","2018年6月英语六级真题答案解析（卷二）.pdf","六级真题/2018.06/答案解析/2018年6月英语六级真题答案解析（卷二）.pdf","https://github.com/0609x/CET46-Resources/blob/main/%E5%85%AD%E7%BA%A7%E7%9C%9F%E9%A2%98/2018.06/%E7%AD%94%E6%A1%88%E8%A7%A3%E6%9E%90/2018%E5%B9%B46%E6%9C%88%E8%8B%B1%E8%AF%AD%E5%85%AD%E7%BA%A7%E7%9C%9F%E9%A2%98%E7%AD%94%E6%A1%88%E8%A7%A3%E6%9E%90%EF%BC%88%E5%8D%B7%E4%BA%8C%EF%BC%89.pdf","https://cdn.jsdelivr.net/gh/0609x/CET46-Resources@main/%E5%85%AD%E7%BA%A7%E7%9C%9F%E9%A2%98/2018.06/%E7%AD%94%E6%A1%88%E8%A7%A3%E6%9E%90/2018%E5%B9%B46%E6%9C%88%E8%8B%B1%E8%AF%AD%E5%85%AD%E7%BA%A7%E7%9C%9F%E9%A2%98%E7%AD%94%E6%A1%88%E8%A7%A3%E6%9E%90%EF%BC%88%E5%8D%B7%E4%BA%8C%EF%BC%89.pdf","737422","1944375388e9d0f314f156ab97861ea2635bcbc82e4ad46f2266747d281ca920","","verified"
"六级","2018.12","1","真题","2018.12六级真题第1套.pdf","六级真题/2018.12/真题PDF/2018.12六级真题第1套.pdf","https://github.com/0609x/CET46-Resources/blob/main/%E5%85%AD%E7%BA%A7%E7%9C%9F%E9%A2%98/2018.12/%E7%9C%9F%E9%A2%98PDF/2018.12%E5%85%AD%E7%BA%A7%E7%9C%9F%E9%A2%98%E7%AC%AC1%E5%A5%97.pdf","https://cdn.jsdelivr.net/gh/0609x/CET46-Resources@main/%E5%85%AD%E7%BA%A7%E7%9C%9F%E9%A2%98/2018.12/%E7%9C%9F%E9%A2%98PDF/2018.12%E5%85%AD%E7%BA%A7%E7%9C%9F%E9%A2%98%E7%AC%AC1%E5%A5%97.pdf","197471","cd3ebbad7e6f6c161ff029dde6b3032574bd9ba49db9bec35f2d65bf8477eb51","","verified"
"六级","2018.12","2","真题","2018.12六级真题第2套.pdf","六级真题/2018.12/真题PDF/2018.12六级真题第2套.pdf","https://github.com/0609x/CET46-Resources/blob/main/%E5%85%AD%E7%BA%A7%E7%9C%9F%E9%A2%98/2018.12/%E7%9C%9F%E9%A2%98PDF/2018.12%E5%85%AD%E7%BA%A7%E7%9C%9F%E9%A2%98%E7%AC%AC2%E5%A5%97.pdf","https://cdn.jsdelivr.net/gh/0609x/CET46-Resources@main/%E5%85%AD%E7%BA%A7%E7%9C%9F%E9%A2%98/2018.12/%E7%9C%9F%E9%A2%98PDF/2018.12%E5%85%AD%E7%BA%A7%E7%9C%9F%E9%A2%98%E7%AC%AC2%E5%A5%97.pdf","474131","8366e179cf9dde9eba4c72e1ec9733a5ecdcab786ea14c10a942be2fcef8abb8","","verified"
"六级","2018.12","3","真题","2018.12六级真题第3套.pdf","六级真题/2018.12/真题PDF/2018.12六级真题第3套.pdf","https://github.com/0609x/CET46-Resources/blob/main/%E5%85%AD%E7%BA%A7%E7%9C%9F%E9%A2%98/2018.12/%E7%9C%9F%E9%A2%98PDF/2018.12%E5%85%AD%E7%BA%A7%E7%9C%9F%E9%A2%98%E7%AC%AC3%E5%A5%97.pdf","https://cdn.jsdelivr.net/gh/0609x/CET46-Resources@main/%E5%85%AD%E7%BA%A7%E7%9C%9F%E9%A2%98/2018.12/%E7%9C%9F%E9%A2%98PDF/2018.12%E5%85%AD%E7%BA%A7%E7%9C%9F%E9%A2%98%E7%AC%AC3%E5%A5%97.pdf","277746","fc4f5d941ed0641f4611eeea3b0b7f60f16f604fb07bf41b5e12d1a2127a249c","","verified"
"六级","2018.12","1","答案解析","2018年12月6级答案解析第一套.pdf","六级真题/2018.12/答案解析/2018年12月6级答案解析第一套.pdf","https://github.com/0609x/CET46-Resources/blob/main/%E5%85%AD%E7%BA%A7%E7%9C%9F%E9%A2%98/2018.12/%E7%AD%94%E6%A1%88%E8%A7%A3%E6%9E%90/2018%E5%B9%B412%E6%9C%886%E7%BA%A7%E7%AD%94%E6%A1%88%E8%A7%A3%E6%9E%90%E7%AC%AC%E4%B8%80%E5%A5%97.pdf","https://cdn.jsdelivr.net/gh/0609x/CET46-Resources@main/%E5%85%AD%E7%BA%A7%E7%9C%9F%E9%A2%98/2018.12/%E7%AD%94%E6%A1%88%E8%A7%A3%E6%9E%90/2018%E5%B9%B412%E6%9C%886%E7%BA%A7%E7%AD%94%E6%A1%88%E8%A7%A3%E6%9E%90%E7%AC%AC%E4%B8%80%E5%A5%97.pdf","11032479","b3b1010aacc64b9471f73ec4172007de34ddf8e06b82c546bd550f4b2dc87083","","verified"
"六级","2018.12","3","答案解析","2018年12月6级答案解析第三套.pdf","六级真题/2018.12/答案解析/2018年12月6级答案解析第三套.pdf","https://github.com/0609x/CET46-Resources/blob/main/%E5%85%AD%E7%BA%A7%E7%9C%9F%E9%A2%98/2018.12/%E7%AD%94%E6%A1%88%E8%A7%A3%E6%9E%90/2018%E5%B9%B412%E6%9C%886%E7%BA%A7%E7%AD%94%E6%A1%88%E8%A7%A3%E6%9E%90%E7%AC%AC%E4%B8%89%E5%A5%97.pdf","https://cdn.jsdelivr.net/gh/0609x/CET46-Resources@main/%E5%85%AD%E7%BA%A7%E7%9C%9F%E9%A2%98/2018.12/%E7%AD%94%E6%A1%88%E8%A7%A3%E6%9E%90/2018%E5%B9%B412%E6%9C%886%E7%BA%A7%E7%AD%94%E6%A1%88%E8%A7%A3%E6%9E%90%E7%AC%AC%E4%B8%89%E5%A5%97.pdf","8045091","5aa2c6d63bbf7529fb129a24e0e11ad63c9eba6e5a95d25cfb9193dcf066d864","","verified"
"六级","2018.12","2","答案解析","2018年12月6级答案解析第二套.pdf","六级真题/2018.12/答案解析/2018年12月6级答案解析第二套.pdf","https://github.com/0609x/CET46-Resources/blob/main/%E5%85%AD%E7%BA%A7%E7%9C%9F%E9%A2%98/2018.12/%E7%AD%94%E6%A1%88%E8%A7%A3%E6%9E%90/2018%E5%B9%B412%E6%9C%886%E7%BA%A7%E7%AD%94%E6%A1%88%E8%A7%A3%E6%9E%90%E7%AC%AC%E4%BA%8C%E5%A5%97.pdf","https://cdn.jsdelivr.net/gh/0609x/CET46-Resources@main/%E5%85%AD%E7%BA%A7%E7%9C%9F%E9%A2%98/2018.12/%E7%AD%94%E6%A1%88%E8%A7%A3%E6%9E%90/2018%E5%B9%B412%E6%9C%886%E7%BA%A7%E7%AD%94%E6%A1%88%E8%A7%A3%E6%9E%90%E7%AC%AC%E4%BA%8C%E5%A5%97.pdf","12034600","4d06736fbd40a237ca3e874564da460fe2fd6de1d15526451b30a20745857f3a","","verified"
"四级","2016.06","1","真题","2016年6月大学英语四级第1套真题.pdf","四级真题/2016.06/真题PDF/2016年6月大学英语四级第1套真题.pdf","https://github.com/0609x/CET46-Resources/blob/main/%E5%9B%9B%E7%BA%A7%E7%9C%9F%E9%A2%98/2016.06/%E7%9C%9F%E9%A2%98PDF/2016%E5%B9%B46%E6%9C%88%E5%A4%A7%E5%AD%A6%E8%8B%B1%E8%AF%AD%E5%9B%9B%E7%BA%A7%E7%AC%AC1%E5%A5%97%E7%9C%9F%E9%A2%98.pdf","https://cdn.jsdelivr.net/gh/0609x/CET46-Resources@main/%E5%9B%9B%E7%BA%A7%E7%9C%9F%E9%A2%98/2016.06/%E7%9C%9F%E9%A2%98PDF/2016%E5%B9%B46%E6%9C%88%E5%A4%A7%E5%AD%A6%E8%8B%B1%E8%AF%AD%E5%9B%9B%E7%BA%A7%E7%AC%AC1%E5%A5%97%E7%9C%9F%E9%A2%98.pdf","487291","c3bf2d088ac1a020b1830c353e1a63e82f46194795d32bcbf76912032ffed47a","","verified"
"四级","2016.06","2","真题","2016年6月大学英语四级第2套真题 .pdf","四级真题/2016.06/真题PDF/2016年6月大学英语四级第2套真题 .pdf","https://github.com/0609x/CET46-Resources/blob/main/%E5%9B%9B%E7%BA%A7%E7%9C%9F%E9%A2%98/2016.06/%E7%9C%9F%E9%A2%98PDF/2016%E5%B9%B46%E6%9C%88%E5%A4%A7%E5%AD%A6%E8%8B%B1%E8%AF%AD%E5%9B%9B%E7%BA%A7%E7%AC%AC2%E5%A5%97%E7%9C%9F%E9%A2%98%20.pdf","https://cdn.jsdelivr.net/gh/0609x/CET46-Resources@main/%E5%9B%9B%E7%BA%A7%E7%9C%9F%E9%A2%98/2016.06/%E7%9C%9F%E9%A2%98PDF/2016%E5%B9%B46%E6%9C%88%E5%A4%A7%E5%AD%A6%E8%8B%B1%E8%AF%AD%E5%9B%9B%E7%BA%A7%E7%AC%AC2%E5%A5%97%E7%9C%9F%E9%A2%98%20.pdf","364770","81ca19f30d82a08b642635e7c409c5af9e1df027734fd477a60c9c54e617e37b","","verified"
"四级","2016.06","3","真题","2016年6月大学英语四级第3套真题.pdf","四级真题/2016.06/真题PDF/2016年6月大学英语四级第3套真题.pdf","https://github.com/0609x/CET46-Resources/blob/main/%E5%9B%9B%E7%BA%A7%E7%9C%9F%E9%A2%98/2016.06/%E7%9C%9F%E9%A2%98PDF/2016%E5%B9%B46%E6%9C%88%E5%A4%A7%E5%AD%A6%E8%8B%B1%E8%AF%AD%E5%9B%9B%E7%BA%A7%E7%AC%AC3%E5%A5%97%E7%9C%9F%E9%A2%98.pdf","https://cdn.jsdelivr.net/gh/0609x/CET46-Resources@main/%E5%9B%9B%E7%BA%A7%E7%9C%9F%E9%A2%98/2016.06/%E7%9C%9F%E9%A2%98PDF/2016%E5%B9%B46%E6%9C%88%E5%A4%A7%E5%AD%A6%E8%8B%B1%E8%AF%AD%E5%9B%9B%E7%BA%A7%E7%AC%AC3%E5%A5%97%E7%9C%9F%E9%A2%98.pdf","306975","cae90199faf074c4c1299bc4098983ebcfd14c4c963ff2bb0424a3555c62f63b","","verified"
"四级","2016.06","1","答案解析","2016年6月大学英语四级第1套答案解析.pdf","四级真题/2016.06/答案解析/2016年6月大学英语四级第1套答案解析.pdf","https://github.com/0609x/CET46-Resources/blob/main/%E5%9B%9B%E7%BA%A7%E7%9C%9F%E9%A2%98/2016.06/%E7%AD%94%E6%A1%88%E8%A7%A3%E6%9E%90/2016%E5%B9%B46%E6%9C%88%E5%A4%A7%E5%AD%A6%E8%8B%B1%E8%AF%AD%E5%9B%9B%E7%BA%A7%E7%AC%AC1%E5%A5%97%E7%AD%94%E6%A1%88%E8%A7%A3%E6%9E%90.pdf","https://cdn.jsdelivr.net/gh/0609x/CET46-Resources@main/%E5%9B%9B%E7%BA%A7%E7%9C%9F%E9%A2%98/2016.06/%E7%AD%94%E6%A1%88%E8%A7%A3%E6%9E%90/2016%E5%B9%B46%E6%9C%88%E5%A4%A7%E5%AD%A6%E8%8B%B1%E8%AF%AD%E5%9B%9B%E7%BA%A7%E7%AC%AC1%E5%A5%97%E7%AD%94%E6%A1%88%E8%A7%A3%E6%9E%90.pdf","589801","b1a25b37676d78d30d95e8dc9f9cb18c9489b744d1ba6938f21ae1b7be4d7fd4","","verified"
"四级","2016.06","2","答案解析","2016年6月大学英语四级第2套答案解析.pdf","四级真题/2016.06/答案解析/2016年6月大学英语四级第2套答案解析.pdf","https://github.com/0609x/CET46-Resources/blob/main/%E5%9B%9B%E7%BA%A7%E7%9C%9F%E9%A2%98/2016.06/%E7%AD%94%E6%A1%88%E8%A7%A3%E6%9E%90/2016%E5%B9%B46%E6%9C%88%E5%A4%A7%E5%AD%A6%E8%8B%B1%E8%AF%AD%E5%9B%9B%E7%BA%A7%E7%AC%AC2%E5%A5%97%E7%AD%94%E6%A1%88%E8%A7%A3%E6%9E%90.pdf","https://cdn.jsdelivr.net/gh/0609x/CET46-Resources@main/%E5%9B%9B%E7%BA%A7%E7%9C%9F%E9%A2%98/2016.06/%E7%AD%94%E6%A1%88%E8%A7%A3%E6%9E%90/2016%E5%B9%B46%E6%9C%88%E5%A4%A7%E5%AD%A6%E8%8B%B1%E8%AF%AD%E5%9B%9B%E7%BA%A7%E7%AC%AC2%E5%A5%97%E7%AD%94%E6%A1%88%E8%A7%A3%E6%9E%90.pdf","877070","8688dffa6dd0dcd54487ec1abe5d5e4c394db90103e6616cf948bdf79300bf55","","verified"
"四级","2016.06","3","答案解析","2016年6月大学英语四级第3套答案解析.pdf","四级真题/2016.06/答案解析/2016年6月大学英语四级第3套答案解析.pdf","https://github.com/0609x/CET46-Resources/blob/main/%E5%9B%9B%E7%BA%A7%E7%9C%9F%E9%A2%98/2016.06/%E7%AD%94%E6%A1%88%E8%A7%A3%E6%9E%90/2016%E5%B9%B46%E6%9C%88%E5%A4%A7%E5%AD%A6%E8%8B%B1%E8%AF%AD%E5%9B%9B%E7%BA%A7%E7%AC%AC3%E5%A5%97%E7%AD%94%E6%A1%88%E8%A7%A3%E6%9E%90.pdf","https://cdn.jsdelivr.net/gh/0609x/CET46-Resources@main/%E5%9B%9B%E7%BA%A7%E7%9C%9F%E9%A2%98/2016.06/%E7%AD%94%E6%A1%88%E8%A7%A3%E6%9E%90/2016%E5%B9%B46%E6%9C%88%E5%A4%A7%E5%AD%A6%E8%8B%B1%E8%AF%AD%E5%9B%9B%E7%BA%A7%E7%AC%AC3%E5%A5%97%E7%AD%94%E6%A1%88%E8%A7%A3%E6%9E%90.pdf","579254","b7e1be146647eb9ebedba4a607d423d385544ef7fe5fe245cae825ca3f862bcf","","verified"
"四级","2016.12","1","真题","2016年12月四级真题（第一套）.pdf","四级真题/2016.12/真题PDF/2016年12月四级真题（第一套）.pdf","https://github.com/0609x/CET46-Resources/blob/main/%E5%9B%9B%E7%BA%A7%E7%9C%9F%E9%A2%98/2016.12/%E7%9C%9F%E9%A2%98PDF/2016%E5%B9%B412%E6%9C%88%E5%9B%9B%E7%BA%A7%E7%9C%9F%E9%A2%98%EF%BC%88%E7%AC%AC%E4%B8%80%E5%A5%97%EF%BC%89.pdf","https://cdn.jsdelivr.net/gh/0609x/CET46-Resources@main/%E5%9B%9B%E7%BA%A7%E7%9C%9F%E9%A2%98/2016.12/%E7%9C%9F%E9%A2%98PDF/2016%E5%B9%B412%E6%9C%88%E5%9B%9B%E7%BA%A7%E7%9C%9F%E9%A2%98%EF%BC%88%E7%AC%AC%E4%B8%80%E5%A5%97%EF%BC%89.pdf","288610","f6bad410b7180bd459974dae275b151966156cc3cb1f18bba5b6735b86f44333","","verified"
"四级","2016.12","3","真题","2016年12月四级真题（第三套).pdf","四级真题/2016.12/真题PDF/2016年12月四级真题（第三套).pdf","https://github.com/0609x/CET46-Resources/blob/main/%E5%9B%9B%E7%BA%A7%E7%9C%9F%E9%A2%98/2016.12/%E7%9C%9F%E9%A2%98PDF/2016%E5%B9%B412%E6%9C%88%E5%9B%9B%E7%BA%A7%E7%9C%9F%E9%A2%98%EF%BC%88%E7%AC%AC%E4%B8%89%E5%A5%97).pdf","https://cdn.jsdelivr.net/gh/0609x/CET46-Resources@main/%E5%9B%9B%E7%BA%A7%E7%9C%9F%E9%A2%98/2016.12/%E7%9C%9F%E9%A2%98PDF/2016%E5%B9%B412%E6%9C%88%E5%9B%9B%E7%BA%A7%E7%9C%9F%E9%A2%98%EF%BC%88%E7%AC%AC%E4%B8%89%E5%A5%97).pdf","377891","5ce0c672696c003058982bfd628438aa57775916dd9869d6ac7712c17a28fb2c","","verified"
"四级","2016.12","2","真题","2016年12月四级真题（第二套）.pdf","四级真题/2016.12/真题PDF/2016年12月四级真题（第二套）.pdf","https://github.com/0609x/CET46-Resources/blob/main/%E5%9B%9B%E7%BA%A7%E7%9C%9F%E9%A2%98/2016.12/%E7%9C%9F%E9%A2%98PDF/2016%E5%B9%B412%E6%9C%88%E5%9B%9B%E7%BA%A7%E7%9C%9F%E9%A2%98%EF%BC%88%E7%AC%AC%E4%BA%8C%E5%A5%97%EF%BC%89.pdf","https://cdn.jsdelivr.net/gh/0609x/CET46-Resources@main/%E5%9B%9B%E7%BA%A7%E7%9C%9F%E9%A2%98/2016.12/%E7%9C%9F%E9%A2%98PDF/2016%E5%B9%B412%E6%9C%88%E5%9B%9B%E7%BA%A7%E7%9C%9F%E9%A2%98%EF%BC%88%E7%AC%AC%E4%BA%8C%E5%A5%97%EF%BC%89.pdf","380918","eb549b7973022043bc195f34d8ed385aba7e4b4316bc986831209e0830498aa1","","verified"
"四级","2016.12","1","答案解析","2016年12月四级答案及解析（第一套）.pdf","四级真题/2016.12/答案解析/2016年12月四级答案及解析（第一套）.pdf","https://github.com/0609x/CET46-Resources/blob/main/%E5%9B%9B%E7%BA%A7%E7%9C%9F%E9%A2%98/2016.12/%E7%AD%94%E6%A1%88%E8%A7%A3%E6%9E%90/2016%E5%B9%B412%E6%9C%88%E5%9B%9B%E7%BA%A7%E7%AD%94%E6%A1%88%E5%8F%8A%E8%A7%A3%E6%9E%90%EF%BC%88%E7%AC%AC%E4%B8%80%E5%A5%97%EF%BC%89.pdf","https://cdn.jsdelivr.net/gh/0609x/CET46-Resources@main/%E5%9B%9B%E7%BA%A7%E7%9C%9F%E9%A2%98/2016.12/%E7%AD%94%E6%A1%88%E8%A7%A3%E6%9E%90/2016%E5%B9%B412%E6%9C%88%E5%9B%9B%E7%BA%A7%E7%AD%94%E6%A1%88%E5%8F%8A%E8%A7%A3%E6%9E%90%EF%BC%88%E7%AC%AC%E4%B8%80%E5%A5%97%EF%BC%89.pdf","3495992","b200d49ccce8dfb43a43e26507ff55bc71b07c0d6219ffd03077a419ece63b50","","verified"
"四级","2016.12","3","答案解析","2016年12月四级答案及解析（第三套）.pdf","四级真题/2016.12/答案解析/2016年12月四级答案及解析（第三套）.pdf","https://github.com/0609x/CET46-Resources/blob/main/%E5%9B%9B%E7%BA%A7%E7%9C%9F%E9%A2%98/2016.12/%E7%AD%94%E6%A1%88%E8%A7%A3%E6%9E%90/2016%E5%B9%B412%E6%9C%88%E5%9B%9B%E7%BA%A7%E7%AD%94%E6%A1%88%E5%8F%8A%E8%A7%A3%E6%9E%90%EF%BC%88%E7%AC%AC%E4%B8%89%E5%A5%97%EF%BC%89.pdf","https://cdn.jsdelivr.net/gh/0609x/CET46-Resources@main/%E5%9B%9B%E7%BA%A7%E7%9C%9F%E9%A2%98/2016.12/%E7%AD%94%E6%A1%88%E8%A7%A3%E6%9E%90/2016%E5%B9%B412%E6%9C%88%E5%9B%9B%E7%BA%A7%E7%AD%94%E6%A1%88%E5%8F%8A%E8%A7%A3%E6%9E%90%EF%BC%88%E7%AC%AC%E4%B8%89%E5%A5%97%EF%BC%89.pdf","3415122","f9906dede70a9b3f9f9044d52f2648aff1807db84bcd6a6379ccaf529b9dae4f","","verified"
"四级","2016.12","2","答案解析","2016年12月四级答案及解析（第二套）.pdf","四级真题/2016.12/答案解析/2016年12月四级答案及解析（第二套）.pdf","https://github.com/0609x/CET46-Resources/blob/main/%E5%9B%9B%E7%BA%A7%E7%9C%9F%E9%A2%98/2016.12/%E7%AD%94%E6%A1%88%E8%A7%A3%E6%9E%90/2016%E5%B9%B412%E6%9C%88%E5%9B%9B%E7%BA%A7%E7%AD%94%E6%A1%88%E5%8F%8A%E8%A7%A3%E6%9E%90%EF%BC%88%E7%AC%AC%E4%BA%8C%E5%A5%97%EF%BC%89.pdf","https://cdn.jsdelivr.net/gh/0609x/CET46-Resources@main/%E5%9B%9B%E7%BA%A7%E7%9C%9F%E9%A2%98/2016.12/%E7%AD%94%E6%A1%88%E8%A7%A3%E6%9E%90/2016%E5%B9%B412%E6%9C%88%E5%9B%9B%E7%BA%A7%E7%AD%94%E6%A1%88%E5%8F%8A%E8%A7%A3%E6%9E%90%EF%BC%88%E7%AC%AC%E4%BA%8C%E5%A5%97%EF%BC%89.pdf","3434732","f5ec89260f5291769f1eda93d2646db3a6fb4a5646bc356bd4ecb5ff1ebaeeab","","verified"
"四级","2017.06","1","真题","2017.06四级真题第1套.pdf","四级真题/2017.06/真题PDF/2017.06四级真题第1套.pdf","https://github.com/0609x/CET46-Resources/blob/main/%E5%9B%9B%E7%BA%A7%E7%9C%9F%E9%A2%98/2017.06/%E7%9C%9F%E9%A2%98PDF/2017.06%E5%9B%9B%E7%BA%A7%E7%9C%9F%E9%A2%98%E7%AC%AC1%E5%A5%97.pdf","https://cdn.jsdelivr.net/gh/0609x/CET46-Resources@main/%E5%9B%9B%E7%BA%A7%E7%9C%9F%E9%A2%98/2017.06/%E7%9C%9F%E9%A2%98PDF/2017.06%E5%9B%9B%E7%BA%A7%E7%9C%9F%E9%A2%98%E7%AC%AC1%E5%A5%97.pdf","692526","bff65d778f86742da6d7ddbb69a7eee68dbb517f2edfd13203444f8ebcd32e1d","","verified"
"四级","2017.06","2","真题","2017.06四级真题第2套.pdf","四级真题/2017.06/真题PDF/2017.06四级真题第2套.pdf","https://github.com/0609x/CET46-Resources/blob/main/%E5%9B%9B%E7%BA%A7%E7%9C%9F%E9%A2%98/2017.06/%E7%9C%9F%E9%A2%98PDF/2017.06%E5%9B%9B%E7%BA%A7%E7%9C%9F%E9%A2%98%E7%AC%AC2%E5%A5%97.pdf","https://cdn.jsdelivr.net/gh/0609x/CET46-Resources@main/%E5%9B%9B%E7%BA%A7%E7%9C%9F%E9%A2%98/2017.06/%E7%9C%9F%E9%A2%98PDF/2017.06%E5%9B%9B%E7%BA%A7%E7%9C%9F%E9%A2%98%E7%AC%AC2%E5%A5%97.pdf","694966","5eec41a3c971d6c049989c750b031fe2e301751ae94b0a67ccf2382e533ad819","","verified"
"四级","2017.06","3","真题","2017.06四级真题第3套.pdf","四级真题/2017.06/真题PDF/2017.06四级真题第3套.pdf","https://github.com/0609x/CET46-Resources/blob/main/%E5%9B%9B%E7%BA%A7%E7%9C%9F%E9%A2%98/2017.06/%E7%9C%9F%E9%A2%98PDF/2017.06%E5%9B%9B%E7%BA%A7%E7%9C%9F%E9%A2%98%E7%AC%AC3%E5%A5%97.pdf","https://cdn.jsdelivr.net/gh/0609x/CET46-Resources@main/%E5%9B%9B%E7%BA%A7%E7%9C%9F%E9%A2%98/2017.06/%E7%9C%9F%E9%A2%98PDF/2017.06%E5%9B%9B%E7%BA%A7%E7%9C%9F%E9%A2%98%E7%AC%AC3%E5%A5%97.pdf","654493","a8742c513f7597022e045ac5b60fa0bd64a8e16ac969b8e43377754dc4c38dd1","","verified"
"四级","2017.06","1","答案解析","2017年6月英语四级真题（卷一）答案解析.pdf","四级真题/2017.06/答案解析/2017年6月英语四级真题（卷一）答案解析.pdf","https://github.com/0609x/CET46-Resources/blob/main/%E5%9B%9B%E7%BA%A7%E7%9C%9F%E9%A2%98/2017.06/%E7%AD%94%E6%A1%88%E8%A7%A3%E6%9E%90/2017%E5%B9%B46%E6%9C%88%E8%8B%B1%E8%AF%AD%E5%9B%9B%E7%BA%A7%E7%9C%9F%E9%A2%98%EF%BC%88%E5%8D%B7%E4%B8%80%EF%BC%89%E7%AD%94%E6%A1%88%E8%A7%A3%E6%9E%90.pdf","https://cdn.jsdelivr.net/gh/0609x/CET46-Resources@main/%E5%9B%9B%E7%BA%A7%E7%9C%9F%E9%A2%98/2017.06/%E7%AD%94%E6%A1%88%E8%A7%A3%E6%9E%90/2017%E5%B9%B46%E6%9C%88%E8%8B%B1%E8%AF%AD%E5%9B%9B%E7%BA%A7%E7%9C%9F%E9%A2%98%EF%BC%88%E5%8D%B7%E4%B8%80%EF%BC%89%E7%AD%94%E6%A1%88%E8%A7%A3%E6%9E%90.pdf","1831943","badee5d5f999b9dd3a2ec0be057d1c4315370fdc4dad30868c645b2db13e3611","","verified"
"四级","2017.06","3","答案解析","2017年6月英语四级真题（卷三）答案解析.pdf","四级真题/2017.06/答案解析/2017年6月英语四级真题（卷三）答案解析.pdf","https://github.com/0609x/CET46-Resources/blob/main/%E5%9B%9B%E7%BA%A7%E7%9C%9F%E9%A2%98/2017.06/%E7%AD%94%E6%A1%88%E8%A7%A3%E6%9E%90/2017%E5%B9%B46%E6%9C%88%E8%8B%B1%E8%AF%AD%E5%9B%9B%E7%BA%A7%E7%9C%9F%E9%A2%98%EF%BC%88%E5%8D%B7%E4%B8%89%EF%BC%89%E7%AD%94%E6%A1%88%E8%A7%A3%E6%9E%90.pdf","https://cdn.jsdelivr.net/gh/0609x/CET46-Resources@main/%E5%9B%9B%E7%BA%A7%E7%9C%9F%E9%A2%98/2017.06/%E7%AD%94%E6%A1%88%E8%A7%A3%E6%9E%90/2017%E5%B9%B46%E6%9C%88%E8%8B%B1%E8%AF%AD%E5%9B%9B%E7%BA%A7%E7%9C%9F%E9%A2%98%EF%BC%88%E5%8D%B7%E4%B8%89%EF%BC%89%E7%AD%94%E6%A1%88%E8%A7%A3%E6%9E%90.pdf","1481988","7d6de5c3c4af2226577418b1ec1f4c50834dbf22534469d8d836a11f7aa4359e","","verified"
"四级","2017.06","2","答案解析","2017年6月英语四级真题（卷二）答案解析.pdf","四级真题/2017.06/答案解析/2017年6月英语四级真题（卷二）答案解析.pdf","https://github.com/0609x/CET46-Resources/blob/main/%E5%9B%9B%E7%BA%A7%E7%9C%9F%E9%A2%98/2017.06/%E7%AD%94%E6%A1%88%E8%A7%A3%E6%9E%90/2017%E5%B9%B46%E6%9C%88%E8%8B%B1%E8%AF%AD%E5%9B%9B%E7%BA%A7%E7%9C%9F%E9%A2%98%EF%BC%88%E5%8D%B7%E4%BA%8C%EF%BC%89%E7%AD%94%E6%A1%88%E8%A7%A3%E6%9E%90.pdf","https://cdn.jsdelivr.net/gh/0609x/CET46-Resources@main/%E5%9B%9B%E7%BA%A7%E7%9C%9F%E9%A2%98/2017.06/%E7%AD%94%E6%A1%88%E8%A7%A3%E6%9E%90/2017%E5%B9%B46%E6%9C%88%E8%8B%B1%E8%AF%AD%E5%9B%9B%E7%BA%A7%E7%9C%9F%E9%A2%98%EF%BC%88%E5%8D%B7%E4%BA%8C%EF%BC%89%E7%AD%94%E6%A1%88%E8%A7%A3%E6%9E%90.pdf","1810526","74a505bd9b83d933940c2379062893b75139144fb17e1cb914ca14531a5a68d8","","verified"
"四级","2017.12","1","真题","2017.12四级真题（卷1）.pdf","四级真题/2017.12/真题PDF/2017.12四级真题（卷1）.pdf","https://github.com/0609x/CET46-Resources/blob/main/%E5%9B%9B%E7%BA%A7%E7%9C%9F%E9%A2%98/2017.12/%E7%9C%9F%E9%A2%98PDF/2017.12%E5%9B%9B%E7%BA%A7%E7%9C%9F%E9%A2%98%EF%BC%88%E5%8D%B71%EF%BC%89.pdf","https://cdn.jsdelivr.net/gh/0609x/CET46-Resources@main/%E5%9B%9B%E7%BA%A7%E7%9C%9F%E9%A2%98/2017.12/%E7%9C%9F%E9%A2%98PDF/2017.12%E5%9B%9B%E7%BA%A7%E7%9C%9F%E9%A2%98%EF%BC%88%E5%8D%B71%EF%BC%89.pdf","258774","3ff5f624fb0841543d6f17509d8da3ae68995f0dd9bbc5a4b5fd9481ee50ce23","","verified"
"四级","2017.12","2","真题","2017.12四级真题（卷2）.pdf","四级真题/2017.12/真题PDF/2017.12四级真题（卷2）.pdf","https://github.com/0609x/CET46-Resources/blob/main/%E5%9B%9B%E7%BA%A7%E7%9C%9F%E9%A2%98/2017.12/%E7%9C%9F%E9%A2%98PDF/2017.12%E5%9B%9B%E7%BA%A7%E7%9C%9F%E9%A2%98%EF%BC%88%E5%8D%B72%EF%BC%89.pdf","https://cdn.jsdelivr.net/gh/0609x/CET46-Resources@main/%E5%9B%9B%E7%BA%A7%E7%9C%9F%E9%A2%98/2017.12/%E7%9C%9F%E9%A2%98PDF/2017.12%E5%9B%9B%E7%BA%A7%E7%9C%9F%E9%A2%98%EF%BC%88%E5%8D%B72%EF%BC%89.pdf","290797","830582a39a0950accce02e204c4a7a7071a6b443dda676ccec17acc925f3bca6","","verified"
"四级","2017.12","3","真题","2017.12四级真题（卷3）.pdf","四级真题/2017.12/真题PDF/2017.12四级真题（卷3）.pdf","https://github.com/0609x/CET46-Resources/blob/main/%E5%9B%9B%E7%BA%A7%E7%9C%9F%E9%A2%98/2017.12/%E7%9C%9F%E9%A2%98PDF/2017.12%E5%9B%9B%E7%BA%A7%E7%9C%9F%E9%A2%98%EF%BC%88%E5%8D%B73%EF%BC%89.pdf","https://cdn.jsdelivr.net/gh/0609x/CET46-Resources@main/%E5%9B%9B%E7%BA%A7%E7%9C%9F%E9%A2%98/2017.12/%E7%9C%9F%E9%A2%98PDF/2017.12%E5%9B%9B%E7%BA%A7%E7%9C%9F%E9%A2%98%EF%BC%88%E5%8D%B73%EF%BC%89.pdf","288249","1f3102b6d43404a2eb9af9d574d5acd89c5e698e996232b1e82e2c0068454908","","verified"
"四级","2017.12","1","答案解析","2017年12月英语四级真题答案及解析（第一套）.pdf","四级真题/2017.12/答案解析/2017年12月英语四级真题答案及解析（第一套）.pdf","https://github.com/0609x/CET46-Resources/blob/main/%E5%9B%9B%E7%BA%A7%E7%9C%9F%E9%A2%98/2017.12/%E7%AD%94%E6%A1%88%E8%A7%A3%E6%9E%90/2017%E5%B9%B412%E6%9C%88%E8%8B%B1%E8%AF%AD%E5%9B%9B%E7%BA%A7%E7%9C%9F%E9%A2%98%E7%AD%94%E6%A1%88%E5%8F%8A%E8%A7%A3%E6%9E%90%EF%BC%88%E7%AC%AC%E4%B8%80%E5%A5%97%EF%BC%89.pdf","https://cdn.jsdelivr.net/gh/0609x/CET46-Resources@main/%E5%9B%9B%E7%BA%A7%E7%9C%9F%E9%A2%98/2017.12/%E7%AD%94%E6%A1%88%E8%A7%A3%E6%9E%90/2017%E5%B9%B412%E6%9C%88%E8%8B%B1%E8%AF%AD%E5%9B%9B%E7%BA%A7%E7%9C%9F%E9%A2%98%E7%AD%94%E6%A1%88%E5%8F%8A%E8%A7%A3%E6%9E%90%EF%BC%88%E7%AC%AC%E4%B8%80%E5%A5%97%EF%BC%89.pdf","523347","ef3f02c79a192bdf58bcb9d08f7048d2bc2613694add3afab1afcd2910414509","","verified"
"四级","2017.12","3","答案解析","2017年12月英语四级真题答案及解析（第三套）.pdf","四级真题/2017.12/答案解析/2017年12月英语四级真题答案及解析（第三套）.pdf","https://github.com/0609x/CET46-Resources/blob/main/%E5%9B%9B%E7%BA%A7%E7%9C%9F%E9%A2%98/2017.12/%E7%AD%94%E6%A1%88%E8%A7%A3%E6%9E%90/2017%E5%B9%B412%E6%9C%88%E8%8B%B1%E8%AF%AD%E5%9B%9B%E7%BA%A7%E7%9C%9F%E9%A2%98%E7%AD%94%E6%A1%88%E5%8F%8A%E8%A7%A3%E6%9E%90%EF%BC%88%E7%AC%AC%E4%B8%89%E5%A5%97%EF%BC%89.pdf","https://cdn.jsdelivr.net/gh/0609x/CET46-Resources@main/%E5%9B%9B%E7%BA%A7%E7%9C%9F%E9%A2%98/2017.12/%E7%AD%94%E6%A1%88%E8%A7%A3%E6%9E%90/2017%E5%B9%B412%E6%9C%88%E8%8B%B1%E8%AF%AD%E5%9B%9B%E7%BA%A7%E7%9C%9F%E9%A2%98%E7%AD%94%E6%A1%88%E5%8F%8A%E8%A7%A3%E6%9E%90%EF%BC%88%E7%AC%AC%E4%B8%89%E5%A5%97%EF%BC%89.pdf","371287","2a648e02a820270277c7875cb4979f645796bbce96fe952f58c7cff2c548be58","","verified"
"四级","2017.12","2","答案解析","2017年12月英语四级真题答案及解析（第二套）.pdf","四级真题/2017.12/答案解析/2017年12月英语四级真题答案及解析（第二套）.pdf","https://github.com/0609x/CET46-Resources/blob/main/%E5%9B%9B%E7%BA%A7%E7%9C%9F%E9%A2%98/2017.12/%E7%AD%94%E6%A1%88%E8%A7%A3%E6%9E%90/2017%E5%B9%B412%E6%9C%88%E8%8B%B1%E8%AF%AD%E5%9B%9B%E7%BA%A7%E7%9C%9F%E9%A2%98%E7%AD%94%E6%A1%88%E5%8F%8A%E8%A7%A3%E6%9E%90%EF%BC%88%E7%AC%AC%E4%BA%8C%E5%A5%97%EF%BC%89.pdf","https://cdn.jsdelivr.net/gh/0609x/CET46-Resources@main/%E5%9B%9B%E7%BA%A7%E7%9C%9F%E9%A2%98/2017.12/%E7%AD%94%E6%A1%88%E8%A7%A3%E6%9E%90/2017%E5%B9%B412%E6%9C%88%E8%8B%B1%E8%AF%AD%E5%9B%9B%E7%BA%A7%E7%9C%9F%E9%A2%98%E7%AD%94%E6%A1%88%E5%8F%8A%E8%A7%A3%E6%9E%90%EF%BC%88%E7%AC%AC%E4%BA%8C%E5%A5%97%EF%BC%89.pdf","428901","15169b0a927da8c7bb5a26a7e843b34ccb9e6c408fe30c47069f695cdebd7e4b","","verified"
"四级","2018.06","1","真题","2018.06四级真题第1套.pdf","四级真题/2018.06/真题PDF/2018.06四级真题第1套.pdf","https://github.com/0609x/CET46-Resources/blob/main/%E5%9B%9B%E7%BA%A7%E7%9C%9F%E9%A2%98/2018.06/%E7%9C%9F%E9%A2%98PDF/2018.06%E5%9B%9B%E7%BA%A7%E7%9C%9F%E9%A2%98%E7%AC%AC1%E5%A5%97.pdf","https://cdn.jsdelivr.net/gh/0609x/CET46-Resources@main/%E5%9B%9B%E7%BA%A7%E7%9C%9F%E9%A2%98/2018.06/%E7%9C%9F%E9%A2%98PDF/2018.06%E5%9B%9B%E7%BA%A7%E7%9C%9F%E9%A2%98%E7%AC%AC1%E5%A5%97.pdf","717095","516d828b3ebca98aa78b0a60e15dbe23a329e1eaaea0b06b3cc68a522f3f4f4b","","verified"
"四级","2018.06","2","真题","2018.06四级真题第2套.pdf","四级真题/2018.06/真题PDF/2018.06四级真题第2套.pdf","https://github.com/0609x/CET46-Resources/blob/main/%E5%9B%9B%E7%BA%A7%E7%9C%9F%E9%A2%98/2018.06/%E7%9C%9F%E9%A2%98PDF/2018.06%E5%9B%9B%E7%BA%A7%E7%9C%9F%E9%A2%98%E7%AC%AC2%E5%A5%97.pdf","https://cdn.jsdelivr.net/gh/0609x/CET46-Resources@main/%E5%9B%9B%E7%BA%A7%E7%9C%9F%E9%A2%98/2018.06/%E7%9C%9F%E9%A2%98PDF/2018.06%E5%9B%9B%E7%BA%A7%E7%9C%9F%E9%A2%98%E7%AC%AC2%E5%A5%97.pdf","737771","27a97a27b4db4bfbb4c2483807508c31e10470263467943660aac9b7628ea62b","","verified"
"四级","2018.06","3","真题","2018.06四级真题第3套.pdf","四级真题/2018.06/真题PDF/2018.06四级真题第3套.pdf","https://github.com/0609x/CET46-Resources/blob/main/%E5%9B%9B%E7%BA%A7%E7%9C%9F%E9%A2%98/2018.06/%E7%9C%9F%E9%A2%98PDF/2018.06%E5%9B%9B%E7%BA%A7%E7%9C%9F%E9%A2%98%E7%AC%AC3%E5%A5%97.pdf","https://cdn.jsdelivr.net/gh/0609x/CET46-Resources@main/%E5%9B%9B%E7%BA%A7%E7%9C%9F%E9%A2%98/2018.06/%E7%9C%9F%E9%A2%98PDF/2018.06%E5%9B%9B%E7%BA%A7%E7%9C%9F%E9%A2%98%E7%AC%AC3%E5%A5%97.pdf","583214","3e6fedaf12a60a719f09dfb5d36e1ffbbffb78c2af8ba10234f253fe7a9065bd","","verified"
"四级","2018.06","1","答案解析","2018年6月英语四级真题答案解析（卷一）.pdf","四级真题/2018.06/答案解析/2018年6月英语四级真题答案解析（卷一）.pdf","https://github.com/0609x/CET46-Resources/blob/main/%E5%9B%9B%E7%BA%A7%E7%9C%9F%E9%A2%98/2018.06/%E7%AD%94%E6%A1%88%E8%A7%A3%E6%9E%90/2018%E5%B9%B46%E6%9C%88%E8%8B%B1%E8%AF%AD%E5%9B%9B%E7%BA%A7%E7%9C%9F%E9%A2%98%E7%AD%94%E6%A1%88%E8%A7%A3%E6%9E%90%EF%BC%88%E5%8D%B7%E4%B8%80%EF%BC%89.pdf","https://cdn.jsdelivr.net/gh/0609x/CET46-Resources@main/%E5%9B%9B%E7%BA%A7%E7%9C%9F%E9%A2%98/2018.06/%E7%AD%94%E6%A1%88%E8%A7%A3%E6%9E%90/2018%E5%B9%B46%E6%9C%88%E8%8B%B1%E8%AF%AD%E5%9B%9B%E7%BA%A7%E7%9C%9F%E9%A2%98%E7%AD%94%E6%A1%88%E8%A7%A3%E6%9E%90%EF%BC%88%E5%8D%B7%E4%B8%80%EF%BC%89.pdf","499749","e6dc424ba6d753740f0ddeb2d693c68e8ef33075712da53891c8656335715e69","","verified"
"四级","2018.06","3","答案解析","2018年6月英语四级真题答案解析（卷三）.pdf","四级真题/2018.06/答案解析/2018年6月英语四级真题答案解析（卷三）.pdf","https://github.com/0609x/CET46-Resources/blob/main/%E5%9B%9B%E7%BA%A7%E7%9C%9F%E9%A2%98/2018.06/%E7%AD%94%E6%A1%88%E8%A7%A3%E6%9E%90/2018%E5%B9%B46%E6%9C%88%E8%8B%B1%E8%AF%AD%E5%9B%9B%E7%BA%A7%E7%9C%9F%E9%A2%98%E7%AD%94%E6%A1%88%E8%A7%A3%E6%9E%90%EF%BC%88%E5%8D%B7%E4%B8%89%EF%BC%89.pdf","https://cdn.jsdelivr.net/gh/0609x/CET46-Resources@main/%E5%9B%9B%E7%BA%A7%E7%9C%9F%E9%A2%98/2018.06/%E7%AD%94%E6%A1%88%E8%A7%A3%E6%9E%90/2018%E5%B9%B46%E6%9C%88%E8%8B%B1%E8%AF%AD%E5%9B%9B%E7%BA%A7%E7%9C%9F%E9%A2%98%E7%AD%94%E6%A1%88%E8%A7%A3%E6%9E%90%EF%BC%88%E5%8D%B7%E4%B8%89%EF%BC%89.pdf","413144","d99148b091e932854c570da1b89ceb7f485a43e64c51b9d67b859626aa045025","","verified"
"四级","2018.06","2","答案解析","2018年6月英语四级真题答案解析（卷二）.pdf","四级真题/2018.06/答案解析/2018年6月英语四级真题答案解析（卷二）.pdf","https://github.com/0609x/CET46-Resources/blob/main/%E5%9B%9B%E7%BA%A7%E7%9C%9F%E9%A2%98/2018.06/%E7%AD%94%E6%A1%88%E8%A7%A3%E6%9E%90/2018%E5%B9%B46%E6%9C%88%E8%8B%B1%E8%AF%AD%E5%9B%9B%E7%BA%A7%E7%9C%9F%E9%A2%98%E7%AD%94%E6%A1%88%E8%A7%A3%E6%9E%90%EF%BC%88%E5%8D%B7%E4%BA%8C%EF%BC%89.pdf","https://cdn.jsdelivr.net/gh/0609x/CET46-Resources@main/%E5%9B%9B%E7%BA%A7%E7%9C%9F%E9%A2%98/2018.06/%E7%AD%94%E6%A1%88%E8%A7%A3%E6%9E%90/2018%E5%B9%B46%E6%9C%88%E8%8B%B1%E8%AF%AD%E5%9B%9B%E7%BA%A7%E7%9C%9F%E9%A2%98%E7%AD%94%E6%A1%88%E8%A7%A3%E6%9E%90%EF%BC%88%E5%8D%B7%E4%BA%8C%EF%BC%89.pdf","501137","28945a118c595391ea6394a8f5b19a5f4c605af507eb6a89ab338073c8b3138f","","verified"
"四级","2018.12","1","真题","2018.12四级真题第1套.pdf","四级真题/2018.12/真题PDF/2018.12四级真题第1套.pdf","https://github.com/0609x/CET46-Resources/blob/main/%E5%9B%9B%E7%BA%A7%E7%9C%9F%E9%A2%98/2018.12/%E7%9C%9F%E9%A2%98PDF/2018.12%E5%9B%9B%E7%BA%A7%E7%9C%9F%E9%A2%98%E7%AC%AC1%E5%A5%97.pdf","https://cdn.jsdelivr.net/gh/0609x/CET46-Resources@main/%E5%9B%9B%E7%BA%A7%E7%9C%9F%E9%A2%98/2018.12/%E7%9C%9F%E9%A2%98PDF/2018.12%E5%9B%9B%E7%BA%A7%E7%9C%9F%E9%A2%98%E7%AC%AC1%E5%A5%97.pdf","602836","cb81f42966e2cee1ee064d6b898092cd38eef0cb36e2d6f6d5d99b29a96541ad","","verified"
"四级","2018.12","2","真题","2018.12四级真题第2套.pdf","四级真题/2018.12/真题PDF/2018.12四级真题第2套.pdf","https://github.com/0609x/CET46-Resources/blob/main/%E5%9B%9B%E7%BA%A7%E7%9C%9F%E9%A2%98/2018.12/%E7%9C%9F%E9%A2%98PDF/2018.12%E5%9B%9B%E7%BA%A7%E7%9C%9F%E9%A2%98%E7%AC%AC2%E5%A5%97.pdf","https://cdn.jsdelivr.net/gh/0609x/CET46-Resources@main/%E5%9B%9B%E7%BA%A7%E7%9C%9F%E9%A2%98/2018.12/%E7%9C%9F%E9%A2%98PDF/2018.12%E5%9B%9B%E7%BA%A7%E7%9C%9F%E9%A2%98%E7%AC%AC2%E5%A5%97.pdf","613055","296b7e5d0fcf4c921282bdbed3a8cc1e6678720498711f9bcab9b7e04d26f0b0","","verified"
"四级","2018.12","3","真题","2018.12四级真题第3套.pdf","四级真题/2018.12/真题PDF/2018.12四级真题第3套.pdf","https://github.com/0609x/CET46-Resources/blob/main/%E5%9B%9B%E7%BA%A7%E7%9C%9F%E9%A2%98/2018.12/%E7%9C%9F%E9%A2%98PDF/2018.12%E5%9B%9B%E7%BA%A7%E7%9C%9F%E9%A2%98%E7%AC%AC3%E5%A5%97.pdf","https://cdn.jsdelivr.net/gh/0609x/CET46-Resources@main/%E5%9B%9B%E7%BA%A7%E7%9C%9F%E9%A2%98/2018.12/%E7%9C%9F%E9%A2%98PDF/2018.12%E5%9B%9B%E7%BA%A7%E7%9C%9F%E9%A2%98%E7%AC%AC3%E5%A5%97.pdf","554434","3991816108e0664cb78635ff5c23bad92b953ccbaac6a7f6838ecf939a0c0aa2","","verified"
"四级","2018.12","1","答案解析","2018.12四级答案解析第一套.pdf","四级真题/2018.12/答案解析/2018.12四级答案解析第一套.pdf","https://github.com/0609x/CET46-Resources/blob/main/%E5%9B%9B%E7%BA%A7%E7%9C%9F%E9%A2%98/2018.12/%E7%AD%94%E6%A1%88%E8%A7%A3%E6%9E%90/2018.12%E5%9B%9B%E7%BA%A7%E7%AD%94%E6%A1%88%E8%A7%A3%E6%9E%90%E7%AC%AC%E4%B8%80%E5%A5%97.pdf","https://cdn.jsdelivr.net/gh/0609x/CET46-Resources@main/%E5%9B%9B%E7%BA%A7%E7%9C%9F%E9%A2%98/2018.12/%E7%AD%94%E6%A1%88%E8%A7%A3%E6%9E%90/2018.12%E5%9B%9B%E7%BA%A7%E7%AD%94%E6%A1%88%E8%A7%A3%E6%9E%90%E7%AC%AC%E4%B8%80%E5%A5%97.pdf","11068913","c043eadc682509f12bc88fbf8e2d66cd98aed19dc24963085ffbf5d92cc641f2","","verified"
"四级","2018.12","3","答案解析","2018.12四级答案解析第三套.pdf","四级真题/2018.12/答案解析/2018.12四级答案解析第三套.pdf","https://github.com/0609x/CET46-Resources/blob/main/%E5%9B%9B%E7%BA%A7%E7%9C%9F%E9%A2%98/2018.12/%E7%AD%94%E6%A1%88%E8%A7%A3%E6%9E%90/2018.12%E5%9B%9B%E7%BA%A7%E7%AD%94%E6%A1%88%E8%A7%A3%E6%9E%90%E7%AC%AC%E4%B8%89%E5%A5%97.pdf","https://cdn.jsdelivr.net/gh/0609x/CET46-Resources@main/%E5%9B%9B%E7%BA%A7%E7%9C%9F%E9%A2%98/2018.12/%E7%AD%94%E6%A1%88%E8%A7%A3%E6%9E%90/2018.12%E5%9B%9B%E7%BA%A7%E7%AD%94%E6%A1%88%E8%A7%A3%E6%9E%90%E7%AC%AC%E4%B8%89%E5%A5%97.pdf","7115639","049c5fed7d8252479c0b44ac075e87d080a80d99fd8ea443fd0da9d11c59e3e7","","verified"
"四级","2018.12","2","答案解析","2018.12四级答案解析第二套.pdf","四级真题/2018.12/答案解析/2018.12四级答案解析第二套.pdf","https://github.com/0609x/CET46-Resources/blob/main/%E5%9B%9B%E7%BA%A7%E7%9C%9F%E9%A2%98/2018.12/%E7%AD%94%E6%A1%88%E8%A7%A3%E6%9E%90/2018.12%E5%9B%9B%E7%BA%A7%E7%AD%94%E6%A1%88%E8%A7%A3%E6%9E%90%E7%AC%AC%E4%BA%8C%E5%A5%97.pdf","https://cdn.jsdelivr.net/gh/0609x/CET46-Resources@main/%E5%9B%9B%E7%BA%A7%E7%9C%9F%E9%A2%98/2018.12/%E7%AD%94%E6%A1%88%E8%A7%A3%E6%9E%90/2018.12%E5%9B%9B%E7%BA%A7%E7%AD%94%E6%A1%88%E8%A7%A3%E6%9E%90%E7%AC%AC%E4%BA%8C%E5%A5%97.pdf","10360866","9f4945fb61e18cb81fe2e9fdcbc464c176a8d20c3d0e31404eb27f1b251dcf91","","verified"
"六级","2026.06","1","听力","六级_2026年06月_第1套_听力.m4a","六级真题/2026.06/听力音频/六级_2026年06月_第1套_听力.m4a","https://www.wehuster.com/cet6/cet6_2026_06_1","https://www.wehuster.com/static/cet6/cet6_2026_06_1.mp3","4521972","fae4c613735a246884765eb582afb5dc7ebfdc4f7d815c468e54bf6d8c324eaf","1535.72","verified"
"六级","2026.06","1","真题","六级_2026年06月_第1套_真题.pdf","六级真题/2026.06/真题PDF/六级_2026年06月_第1套_真题.pdf","https://www.wehuster.com/cet6/cet6_2026_06_1","https://www.wehuster.com/static/cet6/cet6_2026_06_1.pdf","143281","bcfa7f21ac278e6e652d03afe9c90d329d6e78bd7289b60f0aee47c561d47adb","","verified"
"六级","2026.06","2","听力","六级_2026年06月_第2套_听力.m4a","六级真题/2026.06/听力音频/六级_2026年06月_第2套_听力.m4a","https://www.wehuster.com/cet6/cet6_2026_06_2","https://www.wehuster.com/static/cet6/cet6_2026_06_2.mp3","4619865","4a13e1c31a889b27ef0ba6f54aa4d95258f13a3ba7d264d05a32345a73742a14","1568.97","verified"
"六级","2026.06","2","真题","六级_2026年06月_第2套_真题.pdf","六级真题/2026.06/真题PDF/六级_2026年06月_第2套_真题.pdf","https://www.wehuster.com/cet6/cet6_2026_06_2","https://www.wehuster.com/static/cet6/cet6_2026_06_2.pdf","146859","e3c61874e3d089e36ba315c47e3d2b7f4161e65edd01b271ae80f8314a255a3a","","verified"
"六级","2026.06","3","真题","六级_2026年06月_第3套_真题.pdf","六级真题/2026.06/真题PDF/六级_2026年06月_第3套_真题.pdf","https://www.wehuster.com/cet6/cet6_2026_06_3","https://www.wehuster.com/static/cet6/cet6_2026_06_3.pdf","140114","4dea7771d7bb282f4d0ba7473a89b0e77c4576b101d683906626ef968769e846","","verified"
"四级","2026.06","1","听力","四级_2026年06月_第1套_听力.m4a","四级真题/2026.06/听力音频/四级_2026年06月_第1套_听力.m4a","https://www.wehuster.com/cet4/cet4_2026_06_1","https://www.wehuster.com/static/cet4/cet4_2026_06_1.mp3","4201093","a11d6616cd84e0706fd044f8d7fc929aca180774324dfaf90a75e53bfaf56e3a","1426.73","verified"
"四级","2026.06","1","真题","四级_2026年06月_第1套_真题.pdf","四级真题/2026.06/真题PDF/四级_2026年06月_第1套_真题.pdf","https://www.wehuster.com/cet4/cet4_2026_06_1","https://www.wehuster.com/static/cet4/cet4_2026_06_1.pdf","132335","f734669d7a6daa30f6b48a4f6f4e7065aa5d3e3a97a440bd26b8a76da996997d","","verified"
"四级","2026.06","2","听力","四级_2026年06月_第2套_听力.m4a","四级真题/2026.06/听力音频/四级_2026年06月_第2套_听力.m4a","https://www.wehuster.com/cet4/cet4_2026_06_2","https://www.wehuster.com/static/cet4/cet4_2026_06_2.mp3","4085699","990b5e3466d66d40132ad2e20187318138922381d46f0b930ee25c47c9b851b3","1387.53","verified"
"四级","2026.06","2","真题","四级_2026年06月_第2套_真题.pdf","四级真题/2026.06/真题PDF/四级_2026年06月_第2套_真题.pdf","https://www.wehuster.com/cet4/cet4_2026_06_2","https://www.wehuster.com/static/cet4/cet4_2026_06_2.pdf","132331","a18376b34aeae78c494a47c78adcbc10661e48274777b5ab287562d3c5b05fa5","","verified"
"四级","2026.06","3","真题","四级_2026年06月_第3套_真题.pdf","四级真题/2026.06/真题PDF/四级_2026年06月_第3套_真题.pdf","https://www.wehuster.com/cet4/cet4_2026_06_3","https://www.wehuster.com/static/cet4/cet4_2026_06_3.pdf","120066","b7c009f2e145c48df84eea1cc120ce09f8ea741b96bb22841770552b94fab849","","verified"
"四级","2016.06","1","听力","2016年06月四级听力第1套.m4a","四级真题/2016.06/听力音频/2016年06月四级听力第1套.m4a","https://english-exam.lazynote.cn/cet4/paper/2016-06-1/listening/","https://listening.lazynote.cn/cet4/9/index.m3u8","12425504","59f57ecf01849b118fb2d922f6bac0b1640761a0d8466e9185d83760ca540c82","1505.7211791390816","verified"
"四级","2016.06","2","听力","2016年06月四级听力第2套.m4a","四级真题/2016.06/听力音频/2016年06月四级听力第2套.m4a","https://english-exam.lazynote.cn/cet4/paper/2016-06-2/listening/","https://listening.lazynote.cn/cet4/8/index.m3u8","8397383","4b08f7a75a81dff260ab992036bd7c702e1331521634a5b8e7625362faa30d91","1457.0057142864468","verified"
"四级","2016.12","1","听力","2016年12月四级听力第1套.m4a","四级真题/2016.12/听力音频/2016年12月四级听力第1套.m4a","https://english-exam.lazynote.cn/cet4/paper/2016-12-1/listening/","https://listening.lazynote.cn/cet4/12/index.m3u8","10154116","436346b1cac68f070160b26a1e688ce0e55ae2c50518b4246dfd75d7e2544ac8","1368.4680272115677","verified"
"四级","2016.12","2","听力","2016年12月四级听力第2套.m4a","四级真题/2016.12/听力音频/2016年12月四级听力第2套.m4a","https://english-exam.lazynote.cn/cet4/paper/2016-12-2/listening/","https://listening.lazynote.cn/cet4/11/index.m3u8","8485938","ad636031d85daad431e5380f1362fb0a3a15386bc4ea29a554b563fef04817b5","1369.211065760321","verified"
"四级","2017.06","1","听力","2017年06月四级听力第1套.m4a","四级真题/2017.06/听力音频/2017年06月四级听力第1套.m4a","https://english-exam.lazynote.cn/cet4/paper/2017-06-1/listening/","https://listening.lazynote.cn/cet4/15/index.m3u8","11368822","21eeed2e7988187ab2c959889ea3a3a4fdbe88279c6ce8ca221984bf7a404c7e","1398.0502494338064","verified"
"四级","2017.06","2","听力","2017年06月四级听力第2套.m4a","四级真题/2017.06/听力音频/2017年06月四级听力第2套.m4a","https://english-exam.lazynote.cn/cet4/paper/2017-06-2/listening/","https://listening.lazynote.cn/cet4/14/index.m3u8","9513807","d28ea71a878351cfc9ebe67e64ac2cebd8a3302e975a6bb69bd2fb68707f308c","1481.5492063499526","verified"
"四级","2017.12","1","听力","2017年12月四级听力第1套.m4a","四级真题/2017.12/听力音频/2017年12月四级听力第1套.m4a","https://english-exam.lazynote.cn/cet4/paper/2017-12-1/listening/","https://listening.lazynote.cn/cet4/18/index.m3u8","11648525","ed2488ad16a1ee04aaccb74deeb6e2869480ddbde081b01aeb07d6c7ca1fff43","1417.6246712025247","verified"
"四级","2017.12","2","听力","2017年12月四级听力第2套.m4a","四级真题/2017.12/听力音频/2017年12月四级听力第2套.m4a","https://english-exam.lazynote.cn/cet4/paper/2017-12-2/listening/","https://listening.lazynote.cn/cet4/17/index.m3u8","9359661","f114fcfc437fe033248f88fbf8fd7f8e92a6fe45f2bcddbbd61eaae2cbc85e33","1406.432653061929","verified"
"四级","2018.06","1","听力","2018年06月四级听力第1套.m4a","四级真题/2018.06/听力音频/2018年06月四级听力第1套.m4a","https://english-exam.lazynote.cn/cet4/paper/2018-06-1/listening/","https://listening.lazynote.cn/cet4/21/index.m3u8","11729368","6949bdccb7027b257aa3b54ae4f6bf7337a35329783df8a3b27fcf4b1e1c1d6a","1421.0612244905085","verified"
"四级","2018.06","2","听力","2018年06月四级听力第2套.m4a","四级真题/2018.06/听力音频/2018年06月四级听力第2套.m4a","https://english-exam.lazynote.cn/cet4/paper/2018-06-2/listening/","https://listening.lazynote.cn/cet4/20/index.m3u8","9321006","6a926f70eb44e6c6e3f2249392118c227f9fa15765dfdfe2fad8f0f4711fc66b","1429.8848072569533","verified"
"四级","2018.12","1","听力","2018年12月四级听力第1套.m4a","四级真题/2018.12/听力音频/2018年12月四级听力第1套.m4a","https://english-exam.lazynote.cn/cet4/paper/2018-12-1/listening/","https://listening.lazynote.cn/cet4/24/index.m3u8","11645863","f497a2794ca861e78e099bec1562e2a9541c68ceee079866ef9c12f5eb151726","1414.489977324972","verified"
"四级","2018.12","2","听力","2018年12月四级听力第2套.m4a","四级真题/2018.12/听力音频/2018年12月四级听力第2套.m4a","https://english-exam.lazynote.cn/cet4/paper/2018-12-2/listening/","https://listening.lazynote.cn/cet4/23/index.m3u8","9058336","30a8c450a01603f60ec950dd9a55b1315e52d6a38e0a853bbe7275b6affd2f5c","1426.7965532886976","verified"
"四级","2019.06","1","听力","2019年06月四级听力第1套.m4a","四级真题/2019.06/听力音频/2019年06月四级听力第1套.m4a","https://english-exam.lazynote.cn/cet4/paper/2019-06-1/listening/","https://listening.lazynote.cn/cet4/27/index.m3u8","11693853","f609dcaf0cc4ecd04817fdd7c3a2559f36f4bd9b0288d4b45c5be692499b6168","1407.1756916106822","verified"
"四级","2019.06","2","听力","2019年06月四级听力第2套.m4a","四级真题/2019.06/听力音频/2019年06月四级听力第2套.m4a","https://english-exam.lazynote.cn/cet4/paper/2019-06-2/listening/","https://listening.lazynote.cn/cet4/26/index.m3u8","9030803","cb42237531db939d8df7c18733743791b49f177a1e50c87c371937c8fba5ad9b","1413.8398185948129","verified"
"四级","2019.12","1","听力","2019年12月四级听力第1套.m4a","四级真题/2019.12/听力音频/2019年12月四级听力第1套.m4a","https://english-exam.lazynote.cn/cet4/paper/2019-12-1/listening/","https://listening.lazynote.cn/cet4/30/index.m3u8","11938623","d0ef9ff592c0c9424bb9fa5221690db3e94bed6dbb2ea5757ab8e7814697da40","1450.9453061231782","verified"
"四级","2019.12","2","听力","2019年12月四级听力第2套.m4a","四级真题/2019.12/听力音频/2019年12月四级听力第2套.m4a","https://english-exam.lazynote.cn/cet4/paper/2019-12-2/listening/","https://listening.lazynote.cn/cet4/29/index.m3u8","9017089","7ebd4fab2c5049b8647a175fafbc6df6b838ddb3cec2cf425fd8b4af6ef31cdc","1422.4079818601238","verified"
"四级","2020.07","1","听力","2020年07月四级听力第1套.m4a","四级真题/2020.07/听力音频/2020年07月四级听力第1套.m4a","https://english-exam.lazynote.cn/cet4/paper/2020-07-1/listening/","https://listening.lazynote.cn/cet4/31/index.m3u8","11899641","bb061520f4e54566dc7432430cac4c7df0f440111f1e6aeef9cceb62ff31a493","1440.7981859417666","verified"
"六级","2016.06","1","听力","2016年06月六级听力第1套.m4a","六级真题/2016.06/听力音频/2016年06月六级听力第1套.m4a","https://english-exam.lazynote.cn/cet6/paper/2016-06-1/listening/","https://listening.lazynote.cn/cet6/75/index.m3u8","13091447","2b83d0a3a5bd29d5e1685ac66696035086c5f6ead4e601651c213643bc4384d5","1576.6117006810712","verified"
"六级","2016.06","2","听力","2016年06月六级听力第2套.m4a","六级真题/2016.06/听力音频/2016年06月六级听力第2套.m4a","https://english-exam.lazynote.cn/cet6/paper/2016-06-2/listening/","https://listening.lazynote.cn/cet6/74/index.m3u8","11048491","a18fe5b17c073503bcddc2505fb677f63b86c576e5ba4c68bbba1859bdd884a6","1633.384489796749","verified"
"六级","2016.12","1","听力","2016年12月六级听力第1套.m4a","六级真题/2016.12/听力音频/2016年12月六级听力第1套.m4a","https://english-exam.lazynote.cn/cet6/paper/2016-12-1/listening/","https://listening.lazynote.cn/cet6/78/index.m3u8","12435982","cc3fdea0ea522710e7e0561271b93d512d9e5f468ba0ab2f4f136fd341054efe","1617.4323809532027","verified"
"六级","2016.12","2","听力","2016年12月六级听力第2套.m4a","六级真题/2016.12/听力音频/2016年12月六级听力第2套.m4a","https://english-exam.lazynote.cn/cet6/paper/2016-12-2/listening/","https://listening.lazynote.cn/cet6/77/index.m3u8","11333612","b305ba56852b03a104874c7b789749f74ff239640ab5dc785507f0175ed3edf1","1675.5519274384958","verified"
"六级","2017.06","1","听力","2017年06月六级听力第1套.m4a","六级真题/2017.06/听力音频/2017年06月六级听力第1套.m4a","https://english-exam.lazynote.cn/cet6/paper/2017-06-1/listening/","https://listening.lazynote.cn/cet6/81/index.m3u8","12420526","aa75b050b90f87307dbfa9a7bf5af20e604e8d1d7168f29801b5ef67605dee67","1607.8193197287076","verified"
"六级","2017.06","2","听力","2017年06月六级听力第2套.m4a","六级真题/2017.06/听力音频/2017年06月六级听力第2套.m4a","https://english-exam.lazynote.cn/cet6/paper/2017-06-2/listening/","https://listening.lazynote.cn/cet6/80/index.m3u8","11548805","11b581dcdfdd0b1bfe45e8f32e94013a58782f443571ca3cbcb5d6b5695072ec","1677.71138322081","verified"
"六级","2017.12","1","听力","2017年12月六级听力第1套.m4a","六级真题/2017.12/听力音频/2017年12月六级听力第1套.m4a","https://english-exam.lazynote.cn/cet6/paper/2017-12-1/listening/","https://listening.lazynote.cn/cet6/84/index.m3u8","11325174","e6966829bdc63d0ff4136e0223a31f6d89b20d9aefbf5ccf1f07703b2f2d7c43","1601.7356916107904","verified"
"六级","2017.12","2","听力","2017年12月六级听力第2套.m4a","六级真题/2017.12/听力音频/2017年12月六级听力第2套.m4a","https://english-exam.lazynote.cn/cet6/paper/2017-12-2/listening/","https://listening.lazynote.cn/cet6/83/index.m3u8","11182987","f8ab27dbf6c3d7951a419e25fec9b7e278ace5d028a2e0bb4db535e6bfc6ae14","1625.7915646266767","verified"
"六级","2018.06","1","听力","2018年06月六级听力第1套.m4a","六级真题/2018.06/听力音频/2018年06月六级听力第1套.m4a","https://english-exam.lazynote.cn/cet6/paper/2018-06-1/listening/","https://listening.lazynote.cn/cet6/87/index.m3u8","13673336","01f6d8d763f94fdefbf7ea6acba2f157a8deb1f62cf30a9c631aff36dbc733ed","1650.7530158738562","verified"
"六级","2018.06","2","听力","2018年06月六级听力第2套.m4a","六级真题/2018.06/听力音频/2018年06月六级听力第2套.m4a","https://english-exam.lazynote.cn/cet6/paper/2018-06-2/listening/","https://listening.lazynote.cn/cet6/86/index.m3u8","11247942","19d562d88d65f94d86fd14cd95063bf609b4895b1cb7c81219a89fe3653c3985","1651.565714286555","verified"
"六级","2018.12","1","听力","2018年12月六级听力第1套.m4a","六级真题/2018.12/听力音频/2018年12月六级听力第1套.m4a","https://english-exam.lazynote.cn/cet6/paper/2018-12-1/listening/","https://listening.lazynote.cn/cet6/90/index.m3u8","13316977","3f7f8983e5cfa2f5588483ad4f986ecead6dfe1518e6854b61e1c05d36b957b4","1616.2017233568301","verified"
"六级","2018.12","2","听力","2018年12月六级听力第2套.m4a","六级真题/2018.12/听力音频/2018年12月六级听力第2套.m4a","https://english-exam.lazynote.cn/cet6/paper/2018-12-2/listening/","https://listening.lazynote.cn/cet6/89/index.m3u8","10594999","2fa4dc57822d24c2345bc3b08e3d07ff14953b9bec75915207025eb90dd03eb1","1580.4662131527286","verified"
"六级","2019.06","1","听力","2019年06月六级听力第1套.m4a","六级真题/2019.06/听力音频/2019年06月六级听力第1套.m4a","https://english-exam.lazynote.cn/cet6/paper/2019-06-1/listening/","https://listening.lazynote.cn/cet6/93/index.m3u8","13405035","0d6391a0b0586c81fbebc09addd17af7d9b58f4f90cd13aa22aa0689d1fe3200","1652.215873016714","verified"
"六级","2019.06","2","听力","2019年06月六级听力第2套.m4a","六级真题/2019.06/听力音频/2019年06月六级听力第2套.m4a","https://english-exam.lazynote.cn/cet6/paper/2019-06-2/listening/","https://listening.lazynote.cn/cet6/92/index.m3u8","11326988","bbe654f6bb2b783950e81f3e7a71926942d88d34472ca1780920560b308b3f41","1671.1169161006248","verified"
"六级","2019.12","1","听力","2019年12月六级听力第1套.m4a","六级真题/2019.12/听力音频/2019年12月六级听力第1套.m4a","https://english-exam.lazynote.cn/cet6/paper/2019-12-1/listening/","https://listening.lazynote.cn/cet6/96/index.m3u8","13403733","be213d289352e79a5b81e413f49cdfe1c33fbe1fdb79c3082a7c41f1116b1055","1682.9590929713797","verified"
"六级","2019.12","2","听力","2019年12月六级听力第2套.m4a","六级真题/2019.12/听力音频/2019年12月六级听力第2套.m4a","https://english-exam.lazynote.cn/cet6/paper/2019-12-2/listening/","https://listening.lazynote.cn/cet6/95/index.m3u8","11228636","cc423a8c89e0b44cbe2481545c3d2ee428bd26c47d03e6e5b23fb98cff560da8","1682.8894331074341","verified"
"六级","2020.07","1","听力","2020年07月六级听力第1套.m4a","六级真题/2020.07/听力音频/2020年07月六级听力第1套.m4a","https://english-exam.lazynote.cn/cet6/paper/2020-07-1/listening/","https://listening.lazynote.cn/cet6/97/index.m3u8","13341412","39cc45760788003ead93e51f7e5494b8251bbffdb79cdf439d0ad28c2ce80298","1612.23111111193","verified"
"四级","2026.06","1","答案解析","cet4_2026_06_1_ans.pdf","四级真题/2026.06/答案解析/cet4_2026_06_1_ans.pdf","https://www.wehuster.com/cet4/cet4_2026_06_1_ans","https://www.wehuster.com/static/cet4/cet4_2026_06_1_ans.pdf","3215822","b27cc8572e4b8a9aa87f08956c5cc46404b5c1899fff8c6df2e116b33b11ee09","","verified"
"四级","2026.06","2","答案解析","cet4_2026_06_2_ans.pdf","四级真题/2026.06/答案解析/cet4_2026_06_2_ans.pdf","https://www.wehuster.com/cet4/cet4_2026_06_2_ans","https://www.wehuster.com/static/cet4/cet4_2026_06_2_ans.pdf","3212403","cd00ac6a2f211fd351771df00817ef9252765958e79caf964c220a21c8619167","","verified"
"四级","2026.06","3","答案解析","cet4_2026_06_3_ans.pdf","四级真题/2026.06/答案解析/cet4_2026_06_3_ans.pdf","https://www.wehuster.com/cet4/cet4_2026_06_3_ans","https://www.wehuster.com/static/cet4/cet4_2026_06_3_ans.pdf","1992279","3b84211c5dac66d51320b8865c76ed4f7f671dec8a4833225f982ab193651927","","verified"
"六级","2026.06","1","答案解析","cet6_2026_06_1_ans_WeHUSTER版.pdf","六级真题/2026.06/答案解析/cet6_2026_06_1_ans_WeHUSTER版.pdf","https://www.wehuster.com/cet6/cet6_2026_06_1_ans","https://www.wehuster.com/static/cet6/cet6_2026_06_1_ans.pdf","3951157","711023b3f40c70c3c44238c0db8a7a4b076accf3a7c894f7388baec5633660d8","","verified"
"六级","2026.06","2","答案解析","cet6_2026_06_2_ans_WeHUSTER版.pdf","六级真题/2026.06/答案解析/cet6_2026_06_2_ans_WeHUSTER版.pdf","https://www.wehuster.com/cet6/cet6_2026_06_2_ans","https://www.wehuster.com/static/cet6/cet6_2026_06_2_ans.pdf","4034413","84551fb0f1c7244764bb72bd22f65dfe38438a00dc9049c553607e8b0e13332e","","verified"
"六级","2026.06","3","答案解析","cet6_2026_06_3_ans_WeHUSTER版.pdf","六级真题/2026.06/答案解析/cet6_2026_06_3_ans_WeHUSTER版.pdf","https://www.wehuster.com/cet6/cet6_2026_06_3_ans","https://www.wehuster.com/static/cet6/cet6_2026_06_3_ans.pdf","2373341","e37e8edb8b1932a506a761d31143c5ef5ca2019bb2d4ef106b40104a27e785de","","verified"